941251,ikumoumission.net
941252,accoo.fr
941253,sega-initiald.net
941254,avokzal.ru
941255,zaglebie.com
941256,kindjuice.com
941257,vitara.it
941258,veronikasadventure.com
941259,jonassoftware.com
941260,futbolsayfasi.net
941261,coloresactivos.blogspot.mx
941262,duda.com
941263,isipa.cd
941264,eikaiwa-school.net
941265,russiancity.ru
941266,torontoartscouncil.org
941267,clickrepair.net
941268,trademaster.ua
941269,swiss-aviation-training.com
941270,haberinews.com
941271,kingstonurc.org
941272,healthcaremarketing.eu
941273,kkkg.co.jp
941274,theleadershipcircle.com
941275,nyloninfilm.com
941276,edmontonkingsway.com
941277,utakatik-dewe.blogspot.co.id
941278,att-japan.net
941279,sosen-blog.pl
941280,arlingtonpd.org
941281,washlaundry.com
941282,tablerpartyoftwo.com
941283,azulik.com
941284,xwow.net
941285,c-and-f.co.jp
941286,simplesympathy.com
941287,miniongames.com
941288,dobi.ch
941289,emlaksistemi.com
941290,formulamebeli.com
941291,baixandotecnologia.blogspot.com.br
941292,elevationburger.com
941293,erfolgs-autopilot.de
941294,cosmebio.org
941295,ccchwc.edu.hk
941296,foodsaketokyo.com
941297,vpole.ru
941298,ytroulette.com
941299,vmtp.ru
941300,charmsofindochina.com
941301,kuliahgratisindonesia.blogspot.co.id
941302,caraudio.in.ua
941303,vincicm.com
941304,sneek.io
941305,tro-group.co.uk
941306,mdev.ro
941307,theagingexperience.com
941308,peachnote.com
941309,dahlia.com
941310,middletowncityschools.com
941311,snsdkorean.com
941312,solbatcompany.ru
941313,neodoljivo.com
941314,eureka.im
941315,exoluxionlove.tumblr.com
941316,vivavidahoje.com
941317,central-csd.org
941318,spideronthewindow.tumblr.com
941319,amwua.org
941320,communitymedicine4asses.wordpress.com
941321,my7thheaven.com
941322,computershop.ro
941323,fltron.com
941324,dirtysexlive.com
941325,pigandhen.nl
941326,msad6schooltransportation.blogspot.com
941327,wissen.com
941328,led-linear.com
941329,andrezgz.wordpress.com
941330,coenzima.com
941331,nerdoverdose.com
941332,fashiong.ru
941333,avg.hu
941334,wavecorporate.com.br
941335,4567tv.co
941336,minecraftserversx.com
941337,solartechnology.co.uk
941338,prosemanager.com
941339,jerry-huang.net
941340,centerdenver.com
941341,longviewtexas.gov
941342,wuxiatranslationsdl.wordpress.com
941343,privatkundenportal.net
941344,ja-znaju.ru
941345,imtiyaz.dz
941346,affordablepapers.com
941347,enhanceservices.net
941348,deasciifier.com
941349,burg-eltz.de
941350,mediamaximizer.co.in
941351,xxxpicsfiles.com
941352,fingercooking.blogspot.it
941353,lincolnsu.com
941354,money-tea.ru
941355,pdrgunlugu.net
941356,supershtora.ru
941357,delc.ru
941358,snapdrop.net
941359,alaskacenters.gov
941360,onechai.fr
941361,pro100ntv.ru
941362,twilight3g.com
941363,dallasgasprices.com
941364,24tm.pl
941365,dailyaftab.com
941366,moster.com
941367,muqawil.org
941368,toneshub.com
941369,accessorize.it
941370,toyhospital.org
941371,voskresensk.ru
941372,misto.zp.ua
941373,thoughtmix.co.uk
941374,bkbraun.com
941375,imtl.gr
941376,aquarium-berlin.de
941377,tttabc.com
941378,minibus.hk
941379,asobigokoroblog.com
941380,playingcardforum.com
941381,blackmagicmushtaqali.com
941382,fofatt.com
941383,newboats.ru
941384,groupelcd.com
941385,sozai-page.com
941386,opiekunki24.pl
941387,magiclinesjd.org
941388,ru2018.org
941389,adamfoods.com
941390,vexilinfotech.com
941391,bestwear.us
941392,j-i-s-sl.info
941393,e-povesti.ro
941394,alle-karten.de
941395,nwilson.com
941396,pornvids4.com
941397,palaisdesthes.co.il
941398,freesubmitter.de
941399,columbia.wi.us
941400,703880.xyz
941401,elisaknows.com
941402,yutka.net
941403,maininfo.org
941404,westernreiten-online.de
941405,afg.jobs
941406,refash.sg
941407,rupadblog.com
941408,laptopbattery.jp
941409,kiritsutain.com
941410,hagaren.jp
941411,fssc22000.com
941412,avalmadrid.es
941413,ekomed.info
941414,musik-meyer.net
941415,mollajalil.net
941416,thetops.fr
941417,canaldoempreendedor.com.br
941418,youngsex.adult
941419,jellybellies.ru
941420,carolgourmet.com.br
941421,f-f.dk
941422,ad-daisen.co.jp
941423,share4.tw
941424,kofm.com.au
941425,vorota-goroda.ru
941426,marvel.com.ru
941427,prooptik.de
941428,nelsonagency.com
941429,bokeponline.us
941430,realtycenter.in
941431,branu-inc.blogspot.com
941432,cluex.co.jp
941433,wangxiaoer.tmall.com
941434,habbolove.in
941435,quantifiedmarkets.com
941436,jura-intensiv.de
941437,redwigo.com
941438,intrac.org
941439,topkeren.com
941440,jerseynut.blogspot.com
941441,sassytownhouseliving.com
941442,eembc.org
941443,vdonlib.ru
941444,amshoft.in
941445,pixtv.net
941446,novypetersburg.com
941447,redbosquescomestibles.blogspot.com.es
941448,just4babiesinc.com
941449,tvmazza.in
941450,newsline.club
941451,biblioeteca.com
941452,kabux.info
941453,d-o-c.biz
941454,anandarajpandey.com
941455,abrams.com.ua
941456,ipresencebizsolutions.com
941457,vinchence.co.kr
941458,majliselouma.dz
941459,stroeerdigitalpublishing.de
941460,listingsca.com
941461,deshmir.com
941462,headscape.co.uk
941463,yizhifubj.com.cn
941464,coopa.net
941465,mesotheliomalawsuits.top
941466,vikingrivercruises.co.uk
941467,freiwilliges-jahr.de
941468,tactileturn.com
941469,needsupply.jp
941470,success-games.net
941471,inazumacafe.com
941472,feuerwehr-griesheim.de
941473,deontofi.com
941474,nadaincluido.com
941475,bhbfc.gov.bd
941476,kepplerspeakers.com
941477,steprep.com
941478,osclassdemo.com
941479,afrodite.club
941480,comiere.com
941481,appfarmacia.es
941482,amima.ir
941483,tubekh7.com
941484,schoolvakanties-europa.nl
941485,simplesads.com.br
941486,iancorless.org
941487,geobud.org.pl
941488,speednik.com
941489,irishtourist.com
941490,3dcg.org
941491,aladdinthemusical.co.uk
941492,apartmentprepper.com
941493,pornmaniak.com
941494,driversforum.net
941495,cambridgemb.com
941496,xiaose.org
941497,prinsautogas.com
941498,baekdal.com
941499,freedom1.ru
941500,sex-com.at
941501,recoveryformula.net
941502,irrv.ru
941503,kyoto-kitcho.com
941504,clinique-arthrose.fr
941505,m-l-m.info
941506,hocdungphim.com
941507,crossoverhealth.com
941508,wordpressthemes.de
941509,boxster-cayman.com
941510,carolcox.com
941511,bargross.de
941512,kinoino.com
941513,airfindia.org
941514,rigexpert.com
941515,inspiration-du-moment.com
941516,gavella.hr
941517,supersexporn.com
941518,hbhwedding.com
941519,s-bit.nl
941520,schoolta.ru
941521,furniturematters.co
941522,kleki.com
941523,easylitnotes.com
941524,timeleft.info
941525,hutaba.tumblr.com
941526,acmilan.no
941527,feverposts.com
941528,birmot.com.tr
941529,steilstonschoolhouse.co.uk
941530,emucheatz.ucoz.com
941531,digital-tunes.net
941532,oilglobal.com
941533,mpsvt.org
941534,seoulfashionweek.org
941535,dermologykit.com
941536,mytopptc.com
941537,iti.com
941538,pearl-likes-pi.tumblr.com
941539,lygcl.gov.cn
941540,vgsnfk.sharepoint.com
941541,hyonstyle.com
941542,movewith.com
941543,heilpraktiker-psychotherapie.de
941544,complicidadesparaelamor.com
941545,mulheresnaplayboy.com
941546,abcpartyshop.com
941547,befsztyk.pl
941548,qyvpn.com.cn
941549,readyset247safesystems4now.space
941550,e-oprema.rs
941551,aliterabogados.com
941552,logintoloans.com
941553,gastatic.com
941554,energiaslibres.wordpress.com
941555,varonet.co.kr
941556,mayorken.org
941557,alphachooser.com
941558,crossword-solver.org
941559,steunpuntdyslexie.nl
941560,kenyalawresourcecenter.org
941561,tiendajr.com
941562,bakercityherald.com
941563,chemometrics.ru
941564,shimin-tasukeai-net.org
941565,optime.hu
941566,yonkersvoice.com
941567,prepedia.org
941568,beneath-ceaseless-skies.com
941569,bimbbs.net
941570,gcsdstaff.org
941571,srsmiami.com
941572,ak-bet.com
941573,example8.com
941574,khalong.com
941575,kworld.com.tw
941576,washingtonfrank.com
941577,selhozkomplekt.ru
941578,smartconstruction.komatsu
941579,extremhost.net
941580,lwolf.com
941581,naked-society.com
941582,mavensnotebook.com
941583,freecandie.com
941584,lecture-ecriture.com
941585,gbv.at
941586,outgrow-univ.com
941587,altocentro.com
941588,ocochome.info
941589,mountainwagon.com
941590,c2mediacorp.com
941591,telfordharriers.co.uk
941592,binaries4all.com
941593,baclibre.ma
941594,naturanis.de
941595,engraversnetwork.com
941596,masservice.ru
941597,howtower.com
941598,josephus.org
941599,acmd-clinic.com
941600,lecker-ohne.de
941601,gociao.com
941602,kiton.it
941603,baladnanews.net
941604,mahanseirsam.com
941605,kumran.sk
941606,svitua.org
941607,neocyon.com
941608,dspconcepts.com
941609,heby.se
941610,skarpworld.tumblr.com
941611,aidanmoher.com
941612,seacom.mu
941613,yazzang1.net
941614,sigma-photo.com.ru
941615,nice-green.com.tw
941616,sdcopartners.com
941617,ibnms.tumblr.com
941618,drooble.com
941619,wilmettepark.org
941620,skara.se
941621,parazitakusok.ru
941622,car-nebiki.info
941623,seepnetwork.org
941624,clickfrenzy.com.au
941625,i3indyatechnologies.com
941626,wildhorses4x4.com
941627,sannichi.co.jp
941628,dr-beckmann.de
941629,bosch.pt
941630,beautifulguysexposed.tumblr.com
941631,culturalfoundation.eu
941632,katrangun.com.ua
941633,minecraft-sodeon.ru
941634,eroanimen.com
941635,hankstruckforum.com
941636,aharadio.com
941637,thewcc.com
941638,catzilla.com
941639,dynamist.xyz
941640,namadeamn.com
941641,elliegoulding.com
941642,nycc.edu
941643,broum.co
941644,boundupboys.com
941645,freschelegacy.com
941646,saltwatersmarts.com
941647,jacobhill.co.uk
941648,kirill1985.ru
941649,edugid.ru
941650,prep-exams.blogspot.com.eg
941651,emtehanak.ir
941652,yemrekoc.com
941653,stahl-online.de
941654,maechen.npage.de
941655,ahlborn.com
941656,aquaticteens.com
941657,vipcodes.win
941658,tiindia.com
941659,janspiller.com
941660,minecraftforfreegames.net
941661,finders.co.uk
941662,kaciart.tumblr.com
941663,tetekpayungbhaii.tumblr.com
941664,brandsworld.com.sg
941665,domstroiproekt.ru
941666,gpat.com.ar
941667,swiftwick.com
941668,velsnab.ru
941669,bandynet.ru
941670,cpssoft.com
941671,oceni.rs
941672,cartoonnetwork.se
941673,dawnpowell.wordpress.com
941674,picfull.com
941675,plc-scada-dcs.blogspot.com
941676,convittonapoli.it
941677,istituticulturalidiroma.it
941678,educreation.in
941679,agirlobsessedblog.com
941680,shik.ml
941681,edicionesdigitales.info
941682,prazdnikopen.ru
941683,ac-et.com
941684,centrespringmd.com
941685,adbuild.com.au
941686,nxdpro.com
941687,xxrwheels.com
941688,minivideospectr.ru
941689,clearchannel.fr
941690,matt.it
941691,singleswarehouse.co.uk
941692,cerp-rouen.fr
941693,kaltenbach.at
941694,radicalphilosophy.com
941695,livup.com.br
941696,fx1314.cc
941697,asianspankee.com
941698,esmartia.com
941699,thesocialmanfreechapter.com
941700,maxwellsc.com
941701,fastdownloadurls.blogspot.com.eg
941702,seomartin.com
941703,bursaisrehberi.org
941704,ejz.de
941705,akiramenai-gan.com
941706,trahnulbabu.net
941707,mrcycles.com
941708,digitaltechnology.co.za
941709,newbasketbrindisi.it
941710,live-streams.nl
941711,tripsdrill.de
941712,dailydollartools.blogspot.com
941713,amway.com.hn
941714,urest.org
941715,natursubstanzen.com
941716,gobogdanovich.ru
941717,steyr-werner.at
941718,spb-spravka.com
941719,benefit-select.co.uk
941720,artificiallawyer.com
941721,slaterhogg.co.uk
941722,morrisstockholm.com
941723,playft.net
941724,leader8888.com
941725,creativeclass.blogfa.com
941726,artacademy.org.uk
941727,weidu.org
941728,livebhaskar.com
941729,expressediteur.com
941730,freiheitdurchauswandern.de
941731,harekrsna.cz
941732,linuxmce.org
941733,thicketlabs.com
941734,condomini.altervista.org
941735,eastarjet.net
941736,dynvpn.com
941737,tipstweet.in
941738,proseed.co.jp
941739,abcdeya.com
941740,fvd.ru
941741,ddwagnzlabs.com
941742,simplementcru.ch
941743,haber228.com
941744,pemavel.com.br
941745,guide-photo-panoramique.com
941746,xmediaclub.com
941747,hksram.com
941748,travelchhutichhuti.com
941749,tudoaquisaopaulo.com.br
941750,iqbalazhari.com
941751,home-android.ru
941752,rapidform.com
941753,trynitrobuildplus.com
941754,olfeo.com
941755,gerbovnik.ru
941756,walttools.com
941757,kolhanuniversity.ac.in
941758,nearmyhome.in
941759,hardware.co
941760,unemployment.info
941761,67rrrr.com
941762,lovepoemsandpoets.com
941763,hnkjodot7oj244.ru
941764,servicekia.ru
941765,duesouthescapes.co.za
941766,aplaymusic.com
941767,livefreefuns.net
941768,otovarah.ru
941769,gaycomicgeek.com
941770,fisherinvesting.com
941771,ttt.co.th
941772,kabinetuzi.ru
941773,cookrook.ru
941774,xstateauctioneers.co.za
941775,kfug.jp
941776,iwareprint.pl
941777,craftbuds.com
941778,studiomado.it
941779,interlinksupply.com
941780,mardanpalace.com
941781,regiobank.ch
941782,networkknowledgedlink.blogspot.in
941783,railtalk.biz
941784,aquazoovision.com
941785,ydrogios.gr
941786,argonauta.pl
941787,consulateman.org
941788,stumiller.me
941789,n6me.org
941790,cbc.edu
941791,rio.if.ua
941792,evergreenprofits.com
941793,minecraftpecheats.com
941794,vconferenceonline.com
941795,kyokoanimeshop.com
941796,mx-arab.com
941797,seomax.cz
941798,alagurajeshwaran.com
941799,files2zip.es
941800,rundfunkbeitragsklage.de
941801,hqmaturepics.com
941802,dwslab.com
941803,babylux.com.tw
941804,h-hotel.com
941805,wunschvideo.net
941806,xnudepics.com
941807,artistogel.com
941808,careerbuilder.de
941809,pdic.gov.ph
941810,derecho-administrativo.com
941811,nodeoito.com
941812,seo-scan-spider.com
941813,fipavcrer.it
941814,enligo.com
941815,heavenlyangelsinneed.com
941816,aemmedi.it
941817,theirperfectgift.co.uk
941818,akthar.net
941819,web-creek.com
941820,oraculo-gratis.com
941821,tribunaplovdiv.bg
941822,jdg.or.jp
941823,eyeofrie.com
941824,swpstrack.com
941825,loslibrosdejade.com
941826,irantranslate.net
941827,rockhippo.com
941828,ixxus.com
941829,nationaldropshippers.com
941830,getdancewear.com
941831,smokefireandfood.com
941832,luksusowemieszkania.pl
941833,dr580.com
941834,krym-webcams.ru
941835,limifield.pt
941836,activeandroid.com
941837,jyoshianaguguru.com
941838,raped-girls-porn.com
941839,respaldo-descargando-anime.blogspot.com.ar
941840,infographaholic.tumblr.com
941841,freeknigi.com
941842,fashion-jewelry.fr
941843,ccs.org.za
941844,yadakcenter.ir
941845,memory-key.com
941846,habib110.ir
941847,ban.lv
941848,taoludy.com
941849,toixemphim.net
941850,fhcsd.org
941851,adaptive-images.com
941852,air-port-codes.com
941853,kutubistan.blogspot.in
941854,edutoolbox.org
941855,dottailor.jp
941856,spotters.net.ua
941857,vcpmaps.com
941858,osmoshop.gr
941859,pqnavi.com
941860,create-games.com
941861,primience-style.jp
941862,skapanefs.blogspot.gr
941863,motivationalmagic.com
941864,sfwga.org
941865,relieve-migraine-headache.com
941866,playgame.si
941867,pinbank.co.kr
941868,camradio.net
941869,pornokanka.com
941870,fashionsupreme.ro
941871,auto-hak.ro
941872,x4399.com
941873,radwebco.com
941874,hashimkhan.in
941875,1010time.ru
941876,nontonberita.com
941877,deoadb.weebly.com
941878,learnemc.com
941879,radworking.com
941880,life-type.com
941881,qq6080.com
941882,outside.cf
941883,xxxnylonpics.com
941884,ostrich9.blogfa.com
941885,bobbrinker.com
941886,balboaacademy.org
941887,hoopa.ir
941888,ciitresearch.org
941889,perfectbbw.com
941890,biofaculte.blogspot.com
941891,sonorite365-my.sharepoint.com
941892,seuranet.fi
941893,faculdadedasamericas.com
941894,hd-studioz.blogspot.in
941895,astro-software.com
941896,delvaux.com
941897,nexlink.biz
941898,kratzsch.biz
941899,blackonblackcrime.com
941900,trekerr.ru
941901,moots.com
941902,filjan.pl
941903,amatiauto.com
941904,phillipsmedisize.com
941905,avatar.bz
941906,voucherstore.net
941907,imaginesubs.co.uk
941908,billiard-group.ru
941909,onlineportakal.com
941910,emvs.es
941911,intsel.de
941912,insightschools.net
941913,rowsehoney.co.uk
941914,weathertecheurope.com
941915,guildford.ac.uk
941916,aclu-de.org
941917,emaildownload.org
941918,kurorttorg.ru
941919,myeducationstuff.com
941920,pornodeguatemala.blogspot.com
941921,guitargal.com
941922,outilsdespros.fr
941923,chesnok.com
941924,netdoktorum.net
941925,mia.org.au
941926,tvworldwide.com
941927,8ballpooltool.online
941928,ecopres.ro
941929,onread.com
941930,brady.co.uk
941931,jablaw.org
941932,kapama.com
941933,5kitov.ru
941934,xhamster.video
941935,overstalk.io
941936,lagare.ma
941937,e-cigishop.hu
941938,anio.su
941939,pixbay.com
941940,incolororder.com
941941,nuadis.com
941942,lokema.com.tw
941943,mahipalpurcallgirls.com
941944,cosan.com
941945,snowhash.com
941946,reckovdetailech.cz
941947,ceifx.com
941948,myamextravel.com
941949,dentalhospitalbangkok.com
941950,golfplus-club.ru
941951,rcherz.com
941952,the3grac3s.tumblr.com
941953,onlinefilmizletek.com
941954,cdrom2go.com
941955,essentialdatatools.com
941956,hotblogphotos.blogspot.in
941957,ibnbattutamall.com
941958,essh.eu
941959,advancespares.in
941960,thepainfiles.com
941961,bible1an.com
941962,jewish.org.ua
941963,mcnetwork.pl
941964,threepeakschallenge.uk
941965,tapigy.com
941966,baixarfilmes2017.blogspot.com.br
941967,warnaunyu.com
941968,concernandcare.com.tw
941969,prixdelor.fr
941970,helplearn.ru
941971,jirama.mg
941972,hobbiya.com.ua
941973,linklink.org
941974,safathome.com
941975,golfyoyaku.jp
941976,bellacreativestudio.com
941977,rasputin-potencia.ru
941978,leitorcabuloso.com.br
941979,nomadwine.com.au
941980,newspresarm.info
941981,zhishihao.com
941982,careeringahead.com.au
941983,kistk.hu
941984,adoptaunsuflet.ro
941985,popmaid.com
941986,dealerworld.es
941987,tvazerinews.blogspot.com
941988,clearbusiness.co.uk
941989,avancabrasil.site
941990,dailytitan.com
941991,blackteens.xxx
941992,other-peoples-pets.com
941993,aminnagpure.com
941994,loso.pp.ua
941995,alwatan.wordpress.com
941996,bitburger.de
941997,banban.ir
941998,strathroyagedispatch.com
941999,autobaterie-pema.cz
942000,bkbazaar.com
942001,footballforum.de
942002,forumbandarjudi.com
942003,yrityksen-perustaminen.net
942004,militarylawoffice.gr
942005,misuzu.com
942006,3nastri.it
942007,imarbilgileri.com
942008,paroledelcuore.com
942009,ulimathes.com
942010,aaal.org
942011,markt-intern.de
942012,pycon.ir
942013,geton.gdn
942014,thesexcinema.com
942015,plastikovie.su
942016,nuxefx.com
942017,nhandinhbongda.com
942018,fujifilm.co.th
942019,jeux-friv.com
942020,nudistszone.com
942021,cienciasenbachillerato.blogspot.mx
942022,fastest-news.ru
942023,webark.io
942024,airsoft.es
942025,watchporno.org
942026,cyberkontrol.com
942027,partyvibe.com
942028,rottweil.de
942029,starpoint.com
942030,yayagq.tmall.com
942031,ctfc.com
942032,salvia-community.net
942033,courtinnovation.org
942034,vietaircargo.com
942035,keralasamajamnigeria.com
942036,caoliu2018.pw
942037,globalmeltway.com
942038,nampheung.com
942039,nickbatemandaily99.tumblr.com
942040,casertanafc.it
942041,royalounge.com
942042,eenvoudmedia.nl
942043,miltoneros.com
942044,kinoman.info
942045,sci-bono.co.za
942046,sticknodes.com
942047,webcadeiras.com.br
942048,wiecznaziemia.wordpress.com
942049,mp3rock.me
942050,fsck.ca
942051,ketrin-moda.ru
942052,chinaimportexport.org
942053,waug.co.kr
942054,mk-kz.kz
942055,oikumena-holding.ru
942056,edebyahu.com
942057,mensvita.de
942058,wamjelly.com
942059,wecounsel.com
942060,transuniondecisioncentre.com.mx
942061,carasyamsu.com
942062,marinacity.com
942063,smoby.com
942064,besthqwallpapers.com
942065,blueridgelogcabins.com
942066,infobos.ru
942067,stevespaleogoods.com
942068,westchange.top
942069,mrjagsingh.com
942070,livestreamingcdn.com
942071,whsd.ru
942072,logodesignpros.com
942073,formation-vdi-synergie.com
942074,fromtheright.com
942075,parisfaitsoncinema.com
942076,thehpvtest.com
942077,ipline.fr
942078,cegix.xyz
942079,lap.pl
942080,cite-musique.fr
942081,modaprostejov.cz
942082,plan-b.xyz
942083,terracinanotizie.net
942084,12312.gov.cn
942085,freegrannyvids.com
942086,cheaterdy.com
942087,mypixpro.com
942088,sapak.ir
942089,proekt-007.ru
942090,schwab.co.uk
942091,drywall101.com
942092,hypnofantasydownloads.com
942093,tricksguide.com
942094,pplswar.wordpress.com
942095,howto-install.org
942096,nara1.org
942097,trkelets.ru
942098,mdv.co.jp
942099,resortworksjapan.com
942100,1sight.cn
942101,cardiofrequenzimetro.online
942102,hotmailcorreo.com.mx
942103,maplearcane.com
942104,frenchsecurityxabussiness.com
942105,ovbmail.sk
942106,medimix.hu
942107,gohdcast.info
942108,c6k.info
942109,fightbacknews.org
942110,farshamoz.ir
942111,aizuya-taisei.com
942112,advantech.eu
942113,iamrogue.com
942114,gamuda.com.my
942115,maxxis.co.uk
942116,terrain.org
942117,cia-ica.ca
942118,myhealthware.com
942119,krasnik.eu
942120,neotop.ru
942121,beautifulasianpussy.tumblr.com
942122,worldbox.net
942123,aem2.org
942124,equilibrare.com.br
942125,shadermap.com
942126,clayton.ga.us
942127,bharatsolarenergy.com
942128,liguebretagnebillard.fr
942129,smart-deal.de
942130,dodax.co.uk
942131,pbcs-shop.ru
942132,nucl.ai
942133,cuspajz.com
942134,sentimo.de
942135,origamka.ru
942136,ampgn.com.ar
942137,thescooterrepublic.co.uk
942138,ensemble-seicento.de
942139,hoogt.nl
942140,hypnotube.com
942141,whyworkhard.com
942142,roid4y.net
942143,sms-sprueche-welt.ch
942144,tranzit-ltd.ru
942145,careerowl.ca
942146,jadelilly.com
942147,epay.cc
942148,stopsmartmeters.org
942149,amroll.com
942150,yakuju.co.jp
942151,dichthuatchaua.com
942152,michaelbertling.de
942153,businessgrowthhub.com
942154,nutelecom.net
942155,spectrum.ru
942156,oakvillecondos.com
942157,nostreradici.it
942158,neurosurgicalatlas.com
942159,albawings.com
942160,wbftw.org
942161,ratnabhandar.com
942162,loverthelabel.com
942163,omt.com.lb
942164,fileim.com
942165,collaboris.com
942166,theatersluts.com
942167,sieberz.sk
942168,enilia-ensmic.fr
942169,telecomp.blog.ir
942170,lanepowell.com
942171,mojostore.co.uk
942172,boomserials.com
942173,tantoday.com
942174,proverbhunter.com
942175,premium-contao-themes.com
942176,oxford-economics.org
942177,faithful32x32.com
942178,demolaybrasil.org.br
942179,jumpfesta.com
942180,matheducation.co.il
942181,josueacevedo.org
942182,eciov.com
942183,keinwietpas.de
942184,idevnews.com
942185,agronomiacomgismonti.blogspot.com.br
942186,yesoptimist.com
942187,softwarecoupons.com
942188,zyq108.com
942189,ovenshopper.com
942190,amf-festival.com
942191,hokkyokusei.jp
942192,bigeyeinthesky.com
942193,owabi-bun.com
942194,lzcm.org
942195,makhuduthamaga.gov.za
942196,golfsuing.com
942197,syakaihoken.com
942198,lisacarpenter.ca
942199,brilliantbooktrailers.com
942200,idg.de
942201,lsdzw.tmall.com
942202,8bandi.ir
942203,maboxe.net
942204,sugumire.com
942205,liquidep.com
942206,biologyfunfacts.weebly.com
942207,redstars.top
942208,utteke.tv
942209,toptoonporn.com
942210,nyhart.com
942211,kontenlirik.blogspot.co.id
942212,ichemical.com
942213,abelharainhanet.com.br
942214,chabad.org.br
942215,annals.in
942216,phoenixfinalfour.com
942217,nypizzeria.com
942218,21skills.com
942219,misinkan.com
942220,die-66.de
942221,uriola.eus
942222,wpdiv.com
942223,ousu.org
942224,cb.com
942225,okluge.de
942226,manhattantoy.com
942227,piratexus.webs.com
942228,tlcasia.com
942229,spacee.co.jp
942230,attleboroschools.com
942231,internetdoc.ru
942232,mchemist.com
942233,ut179.com
942234,institucio.org
942235,handset-solutions.com
942236,bulandra.ro
942237,blackheadfix.myshopify.com
942238,cgrchile.com
942239,filmonpaper.com
942240,tabnews.co.za
942241,jungblue.tumblr.com
942242,rozit.ir
942243,birlaschoolkalyan.com
942244,fuereinander-miteinander-magdeburg.de
942245,mid-lenta.ru
942246,hroarr.com
942247,sportfive.org
942248,ivv-gent.be
942249,bestoftoronto.net
942250,waecinternetsolution.org
942251,geekmaispasque.com
942252,sportelloimmigrazione.it
942253,replacement-laptop-battery.com.au
942254,smr.network
942255,bul.net
942256,lampeberger.fr
942257,minecraft-serwery.com
942258,radioklassik.at
942259,runningood.com
942260,000829.cn
942261,99coinn.com
942262,ctc-g.com.my
942263,heartofmanga.com
942264,dress-on.it
942265,dealer-ship.com
942266,djs.hs.kr
942267,jun.pl
942268,tobu-card.co.jp
942269,pislick.com
942270,sadekadinlar.com
942271,fotodizart.ru
942272,kibbles-bits.tumblr.com
942273,arnoldclassic.com.au
942274,beldama.by
942275,digitalunlocking.com
942276,droidotech.com
942277,ncisficfind.livejournal.com
942278,nic.ac
942279,metasix.solutions
942280,wefightabuse.org
942281,wkoubou.com
942282,daunted.ru
942283,dynamhost.com
942284,apartmentincopenhagen.com
942285,businesscheck.se
942286,607887.xyz
942287,mmo-help.ru
942288,accessoricaravan.it
942289,daraz.com
942290,skepticfiles.org
942291,goodmorningmylovelass.pw
942292,1cecil.net
942293,barringtonarealibrary.org
942294,kchr-inform.ru
942295,agullek.com
942296,top-bazar.cz
942297,njcl.org
942298,iraqinationality.gov.iq
942299,nkc.ru
942300,beatthefish.com
942301,geeo.org
942302,vidaartacademy.com
942303,chungho.co.kr
942304,yerevan-city.am
942305,kadapazone.com
942306,creeperrepo.net
942307,guidobauersachs.de
942308,skubacz.pl
942309,jav39.com
942310,girlsandpanties.tumblr.com
942311,diariodebatepregon.com
942312,unknockout.jp
942313,learningpennystocks.com
942314,chikas.cl
942315,perojehkhorasan.blogfa.com
942316,005381.xyz
942317,quimammeshop.it
942318,amrit-dc.co.jp
942319,resulttime.ru
942320,icflorida.com
942321,spischolar.com
942322,reddirtreport.com
942323,learninglocker.net
942324,40grausmodels.com
942325,sports-betting-explorer.com
942326,edvkeller.ch
942327,universboucherie.com
942328,elgalabwater.com
942329,astia.ru
942330,connect-the-dots.info
942331,temavoronezh.ru
942332,notarydirect.com
942333,hpgmusical.com.br
942334,wingsuitfly.com
942335,poorvikamobiles01.wordpress.com
942336,multifoto.pl
942337,vividaquariums.com
942338,argus-sec.com
942339,du.cz
942340,beles.org
942341,axilor.com
942342,sexhqvideos.com
942343,tubeamador.net
942344,favoritehunks.blogspot.ca
942345,eve-gatecheck.space
942346,mydeals.gr
942347,austinbassfishing.com
942348,zwezdrusex.org
942349,juststeph.com
942350,firozjuma.com
942351,vikramshopping.com
942352,itami-clinic.jp
942353,standup-guide.fr
942354,dllok.net
942355,thecarousel.com
942356,europeancatalog.eu
942357,radiopalabra.org
942358,onepunchmantv.com
942359,nw-english.com
942360,octanorm.de
942361,desarrollossuraz.es
942362,matte.no
942363,corvetteonline.com
942364,anamacap.fr
942365,florianmonfrini.com
942366,elchalten.com
942367,kearys.ie
942368,myhealthwire.com
942369,mtf-online.com
942370,nclass.org
942371,interaction-interim.com
942372,freestuffok.com
942373,outspot.nl
942374,activationbay.com
942375,pgplaw.ru
942376,royomachinery.com
942377,media.ba
942378,sukethunder.com
942379,webtalkradio.net
942380,b.net
942381,nicemilfpussy.com
942382,ensintesisinternacional.com.mx
942383,melissajill.com
942384,programs7.com
942385,dcsd-my.sharepoint.com
942386,amarantelva.com
942387,iconsmind.com
942388,sunladys.com
942389,hnb88.com
942390,ujkor.hu
942391,gliderlabs.com
942392,fiebrefutbol.es
942393,entame-fan.com
942394,wail.com
942395,ajli.org
942396,uols.org
942397,boulevardshopping.com.br
942398,tulipcomputersystems.com
942399,blognafaro.com
942400,brevardzoo.org
942401,goakadamba.com
942402,obcansky-tydenik.cz
942403,puango.net
942404,psychologymatters.asia
942405,filmtrail.com
942406,csvip.com.br
942407,kitchenbloggers.com
942408,mjrpresents.com
942409,themerlobby.wordpress.com
942410,hostker.com
942411,bizpages.pl
942412,keithschwarz.com
942413,bom-bom.ru
942414,self-titledmag.com
942415,pilonfamily.ca
942416,tala-es.ir
942417,newoxfordreview.org
942418,fenbilimi.net
942419,ultimate-rihannas.com
942420,leadloversclick09.com
942421,gloo.us
942422,ykm.com.tr
942423,efcufinancial.org
942424,foreverchildish.com
942425,ipllegal.com
942426,noavideo.com
942427,lumiere-ds.com
942428,grepcv.com
942429,stabilny.net
942430,gosparespace.com
942431,gostreetmaps.com
942432,enigmatium.com
942433,konovaphoto.com
942434,kramfors.se
942435,bird-production.com
942436,shaadi-direct.com
942437,futbolo.tv
942438,morefmphilly.com
942439,sonyinsider.com
942440,octopusbrand.com
942441,answerfirst.com
942442,gotoavs.com
942443,googlemusic.ir
942444,chelsealondon.ir
942445,swisstravelsystem.com
942446,areal-hotel.ru
942447,vivo-use.xyz
942448,viskogen.se
942449,fullformclub.com
942450,froliva.com
942451,oceanicconsultants.com
942452,tutorsweb.com
942453,vdashop.ru
942454,todoxiaomi.com
942455,mbsc.edu.sa
942456,triko-iv.ru
942457,nikibukvy.ru
942458,onehappystudio.com
942459,handlebranding.com
942460,ginza-aster.co.jp
942461,nottinghack.org.uk
942462,musicals.net
942463,bondagemix.com
942464,ddx159.com
942465,jornaldolar.com.br
942466,ntst.org
942467,saltlakecityguardian.com
942468,taoism.net
942469,svadba-online.ru
942470,discoveryworld.org
942471,heppner.fr
942472,nudismonline.xyz
942473,xn--xcke3b8fz74r4c4acubq6ywuq5w9b.com
942474,strawberry-card.net
942475,unwomen.sharepoint.com
942476,phyton.ru
942477,communitystatebank.net
942478,vanilla-jp.com
942479,futsalstyle.com
942480,onedict.com
942481,appaitisi.gr
942482,hervormdnijkerk.nl
942483,teplosezon.ru
942484,eulalinks.eu
942485,astrapinews.gr
942486,createl.com.au
942487,sinainsurance2179.ir
942488,superlamb.com
942489,prix-immobilier.com
942490,inkhub.com.au
942491,missoulacurrent.com
942492,servingjoy.com
942493,jennyvalentine93.tumblr.com
942494,accesorios-carpinteria.com
942495,outdoorsapp.pw
942496,rockpic.org
942497,crazymembership.com
942498,webdensiparis.com
942499,thekwinicollege.co.za
942500,newlova.com
