940001,yallakotob.com
940002,freeworker.de
940003,callmethebreeze.com.au
940004,collabora.net
940005,doptiq.com
940006,camili.info
940007,elfuturoesahora.com
940008,tokyo-intl.com
940009,paradosdecastellon.org
940010,datapro.in
940011,ibnurusydy.com
940012,kuaiyongbbs.com
940013,filmyorumlari.org
940014,citymash.com
940015,parikbest.ru
940016,gardenmatter.com
940017,steamboatchamber.com
940018,wintingo.com
940019,thefounderilfilm.it
940020,fstyr.dk
940021,vsolvit.com
940022,sportosnova.ru
940023,tmdhosting110.eu
940024,shkdchem.com
940025,mailer-service.de
940026,cdnet.ro
940027,getresult.co.in
940028,harriscenter.net
940029,mo2o.com
940030,realexpresso.com.br
940031,momandboysex.net
940032,ouroboros3.com
940033,findwith.me
940034,strongholdkingdomsadvguide.com
940035,zaharavillas.com
940036,sitioarcadenoe.com.br
940037,plantprotection.pl
940038,domizkomplekta.ru
940039,techplaza.kz
940040,praag.org
940041,taxipricecompare.co.uk
940042,caloriecare.com
940043,wetheme.com
940044,dstrkt-london.com
940045,favo-to-to.com
940046,newforestnpa.gov.uk
940047,balilongtermrentals.com
940048,reklamy.me
940049,subdown1.ir
940050,semplicementelight.com
940051,kur.jp
940052,oettinger-bier.de
940053,numbers-to-words.com
940054,highprsocialbookmarkingsitelists2015.blogspot.com
940055,oakhillschurch.com
940056,litde.com
940057,numanovic.com
940058,roshdmail.ir
940059,redcreacion.org
940060,jregional.com.br
940061,bktuning.bg
940062,selectquotesenior.com
940063,sho3a3.net
940064,scrumology.com
940065,lrfouargla.com
940066,proverit-bilet.net
940067,ictonica.tumblr.com
940068,keralaculture.org
940069,aliavspappujokes.com
940070,all-gadgets.ru
940071,yatko.com
940072,spielregeln.de
940073,bigleap.com
940074,dzialkowiec.com.pl
940075,dtas.com
940076,netkatuyou.com
940077,blogoteca.com
940078,ysolda.com
940079,regulator.jp
940080,sequis.co.id
940081,cosmicobowling.com
940082,angelesinversionistas.es
940083,citizen.com.hk
940084,suhazeli.com
940085,hoteliers.guru
940086,samaloutdiocese.com
940087,unilever.com.lk
940088,invacare.co.uk
940089,ideas4project.com
940090,cliffatlyons.ie
940091,gwaliormunicipalcorporation.org
940092,aida-onlineshop.de
940093,ymca.es
940094,igbau.de
940095,floatingbyte.com
940096,fursan.com.sa
940097,badboybondage.com
940098,excelixi.org
940099,madehin.ir
940100,pamhelp.com
940101,adventure-theater-venice.com
940102,jaea.net
940103,totovic.com
940104,passiontec.de
940105,peoplesboard.com
940106,semirita.jp
940107,pokemonespace.com
940108,sentovid.com
940109,lifeadvicedaily.com
940110,secheresse.info
940111,bubbleroom.eu
940112,smartdreamers.hu
940113,urbanstorage.com
940114,devis-pompes-funebres.info
940115,meto.com
940116,vazyme.com
940117,hal-lo.livejournal.com
940118,iphonemag.jp
940119,ginapremiumshop.de
940120,adm-sarapul.ru
940121,universalcinemas.com
940122,other98action.org
940123,ebook2forum.com
940124,maroque.co.uk
940125,byr1.ru
940126,geracaodigimon.net
940127,lightstormla.com
940128,killtec.de
940129,qm8090.com
940130,everynudecelebrity.com
940131,esl-express.com
940132,ikebanafioriegiardini.it
940133,jvctournaments.com
940134,doodelka.ru
940135,alwseet.net
940136,domestav.sk
940137,hopcrm.com
940138,drargapress.com
940139,tiendao.org.hk
940140,espolshiftviewer.azurewebsites.net
940141,noursefarms.com
940142,vipoffersnow.com
940143,infinitumcard.io
940144,spring-fling.co.uk
940145,sociomodel.ru
940146,oujador.com
940147,stubhub.ie
940148,asia-mart.co.kr
940149,ubertaxi.cz
940150,himalayaoptical.com
940151,teenboysporno.com
940152,1313b.com
940153,next72.ru
940154,atorrentworld.com
940155,sexybabess.com
940156,joycemeyerme.org
940157,be2.com.au
940158,hyundaipricelist.com
940159,avto-cvet.ru
940160,imm.sg
940161,scheppers-wetteren.be
940162,happyanniversarywishes.org
940163,phim1vui.net
940164,nationalskillsnetwork.in
940165,jhapanepal.com
940166,goocn.cn
940167,kounias.gr
940168,chordiallyours.blogspot.com
940169,dogprint.tumblr.com
940170,durant-ok.com
940171,nuzzlingmuzzles.blogspot.com
940172,troyresearch.com
940173,ircservices.com
940174,mustop.co.il
940175,formationengroupe.be
940176,eamentablo.com
940177,utopiajdesigns.com
940178,lincolnplazacinema.com
940179,quickmatchmaking.com
940180,bukualamat.info
940181,gewandhausorchester.de
940182,villageneralbelgrano.com
940183,wlbgt.com
940184,016007.xyz
940185,michaelcherrythebrand.com
940186,webtofun.com
940187,wellington.ca
940188,avp.ro
940189,moddingworld.pt
940190,universidadesylicenciaturasenlinea.com
940191,lizardtech.com
940192,lynn.blogs.com
940193,mobtakeran.in
940194,literaturauniversaliesames.blogspot.mx
940195,opsers.org
940196,szarm.com
940197,woman-academia.ru
940198,andronum.com
940199,alisexypics.com
940200,animationtidbits.tumblr.com
940201,recyclingmonster.de
940202,nsicu.ru
940203,serialz.nl
940204,feme.ua
940205,eetools.com
940206,evpornosu.com
940207,rahyabcp.ir
940208,crane-usa.com
940209,wchsgleaner.org
940210,neighborhoodcats.org
940211,baoholaodongdonganh.com
940212,mongoliavisa.com
940213,tsahimurtuu.mn
940214,webagit.com
940215,megocollector.com
940216,delmenhorst.de
940217,lasaladeloscineastas.com
940218,qijiannet.com
940219,80s--aesthetic.tumblr.com
940220,solbooking.com
940221,newloops.com
940222,clasespasivas.gob.es
940223,urmiyedeng.ir
940224,podermx.com
940225,rmsaassam.in
940226,domoticalia.es
940227,44mh.com
940228,nexloc.com
940229,hayaisubs.com
940230,extender24.ru
940231,yynihongo.jp
940232,ibroadcastnetwork.org
940233,qiball.info
940234,hobistil.com
940235,arifweb.com
940236,radiationnetwork.com
940237,bestmusic.kz
940238,onesidetaxi.com
940239,bancadecamisetas.com
940240,milfscocktail.com
940241,ootk.net
940242,cables.co.za
940243,webserviceaward.com
940244,fulltusoftware.ml
940245,bizadee.com
940246,showbahis5.com
940247,centrmirov.ru
940248,forgoogle.com
940249,ifheindia.org
940250,fashionsports.ltd
940251,moboplayer.com
940252,heavy-arm.com
940253,mastergiochi.com
940254,wm.de
940255,exponents.com
940256,valamoda.com
940257,globomarketing.cl
940258,icerdeki.com
940259,unimedcaruaru.com.br
940260,bluekeyinteractive.com
940261,airborn.com.au
940262,qqshidao.com
940263,gks-admin.eu
940264,cinquestore.de
940265,5to10bestreviews.com
940266,losmovies.tv
940267,irphe.fr
940268,uniqloluckytree.com
940269,stiftung-denkmal.de
940270,good25.ru
940271,smartsystemspro.com
940272,zva.gov.lv
940273,forumkarlin.cz
940274,tecnigen.com
940275,formaxmarket.com
940276,smcyberzone.com
940277,eco-online.es
940278,tacview.net
940279,discountbabyequip.co.uk
940280,sikisenler.net
940281,momsonfuckhard.tumblr.com
940282,raumklimatest.de
940283,greengo.hu
940284,biology.kiev.ua
940285,utahoutside.com
940286,perpusnwu.web.id
940287,visitodisha.org
940288,volvofan-forum.at
940289,3dcontentcentral.fr
940290,elpeo.net
940291,newswave.kr
940292,sylvita-sylvita.blogspot.co.id
940293,muetmyway.blogspot.my
940294,seerene.com
940295,patron-a-bum.tumblr.com
940296,macchia.com.br
940297,nomscareers.com
940298,xcade.co.uk
940299,jcumariners.com.au
940300,moremandy.com
940301,campervanculture.com
940302,hotsauceemporium.co.uk
940303,bspokestudios.com
940304,techspeeder.com
940305,fixlife.org
940306,mseyyedian.blog.ir
940307,peperoncinipiccanti.com
940308,bia2roman.ir
940309,bapyessir.com
940310,scarborough.com
940311,rom-rb.org
940312,churchofeuthanasia.org
940313,bigcitiloops.com
940314,theglobaldigital.com
940315,mitsubishielectric-sat.es
940316,okinii.de
940317,hitrobotgroup.com
940318,mrcompletelystore.com
940319,ladigetto.it
940320,rubentd.com
940321,hsbc.de
940322,chuaochocolatier.com
940323,rakuren.co.jp
940324,testeson.com.br
940325,ucpbgen.com
940326,excelpublicschool.com
940327,stock.at
940328,zxyuedu.com
940329,rollshiya.com
940330,yope-trainer.at
940331,online-moovie.com
940332,sgcchr.net
940333,textpesen.com
940334,zener.ru
940335,porno-en-france.com
940336,allocatehealthsuite.com
940337,vclmultitrader.com
940338,ialpiriel.tumblr.com
940339,castellonconfidencial.com
940340,businnessnew.com
940341,grameenfoundation.org
940342,blackmondesign.weebly.com
940343,digitech4all.eu
940344,workops.com
940345,cerkes.net
940346,lankagate.gov.lk
940347,dieseltechjobs.com
940348,tarjuccino.com
940349,re-match.pw
940350,zhishizhan.net
940351,1offers.net
940352,leilocar.com
940353,lgoty-vsem.ru
940354,him-kazan.ru
940355,sbsf.tech
940356,vantagerobotics.com
940357,stelliniudine.gov.it
940358,channelingvsem.com
940359,denbighshire.gov.uk
940360,charwie.com.tw
940361,mulherdovizinho.net
940362,mafiakoenig.com
940363,tartanga.eus
940364,meinsittensen.de
940365,uclaclubsports.com
940366,greenvirginproducts.com
940367,plus500.no
940368,toonsmag.com
940369,intechs.gr
940370,ra2diy.com
940371,der-ludwig.de
940372,oldguns.net
940373,milkmatrix.com
940374,mon.de
940375,arfoni.co
940376,dqn.co.jp
940377,zdravportal.ru
940378,ecomedia.ch
940379,rpo.org
940380,heraldica.es
940381,unity3d.college
940382,residenz.at
940383,fb-tryit.com
940384,midebien.com
940385,pixelrom.xyz
940386,briarcliffe.edu
940387,501c3lookup.org
940388,virginiajobdepartment.com
940389,hive.or.jp
940390,hd9.us
940391,broadwayatthebeach.com
940392,living-low-carb.de
940393,ziyadnazem.com
940394,creativeagencysecrets.com
940395,khorasanbar.ir
940396,jstechstore.com.au
940397,qubeinfotech.in
940398,sigortageriodeme.com
940399,qiyegongqiu.net
940400,8erke2a.win
940401,fa5fa5ena.com
940402,tutorferry.com
940403,amirantvto.ir
940404,turnover-it.com
940405,rotofugi.com
940406,shoppi.ng
940407,dieselforum.org
940408,qa-obgyn.com
940409,hookup48.com
940410,dmitriyloginov.me
940411,perfektnidarky.cz
940412,prfshop.ru
940413,meda-conferences.com
940414,thebase.sc
940415,offerbust.com
940416,bnhhospital.com
940417,jaipurkurti.com
940418,cara-memasak-enak.com
940419,thaiplc.com
940420,healthy-zone.ro
940421,evermind.it
940422,luce-twinkle-wink.com
940423,shooshtimecams.com
940424,oncekorfez.com
940425,landmax.pro
940426,fatbike.com
940427,wellnessexclusive.com
940428,brainprick.com
940429,energie-holz-heizung.de
940430,kamatamare.jp
940431,eco-s.co.jp
940432,vanityandmestyle.com
940433,skiddoo.com.sg
940434,seguilatuapassione.it
940435,souqjob.com
940436,antshare.net
940437,hagongda.net
940438,alifrafikkhan.blogspot.co.id
940439,museumpushkin.ru
940440,uinta1.com
940441,iproxy.top
940442,dcsoft.hu
940443,wccfnet.jp
940444,productpartners.com
940445,myholysmoke.com
940446,semantis.fr
940447,dancesupplies.com
940448,mailgr.gr
940449,111111.com.tw
940450,whoo.co.kr
940451,cityone.fr
940452,mightyshouts.com
940453,readfaster.com
940454,boom997.com
940455,euromatik.fr
940456,draper.ut.us
940457,btcrain.com
940458,ft.fo
940459,ddoramas.blogspot.com.ar
940460,childrensmuseumatlanta.org
940461,aerocare.com.au
940462,havanainsider.com
940463,xn--80ajojlieo7f.xn--p1ai
940464,soundsbox.com
940465,arcadie.fr
940466,cpc.pt
940467,anmsaiful.net
940468,reactletter.com
940469,ma0.pl
940470,silveiraneto.net
940471,consultacpfonline.com.br
940472,noktamedya.com
940473,datamateonline.com
940474,24whois.ru
940475,armedforlife.com.au
940476,chytrevzdelani.cz
940477,gamesworld.com.au
940478,schwerbehindertenausweis.biz
940479,intyoza.com
940480,meteobahia.com.ar
940481,whatsfordinner.co.za
940482,door2tour.com
940483,bonaldi.it
940484,thevillagessuntimes.com
940485,benimevim.org
940486,bremgarten.ch
940487,alssahan.co.kr
940488,aimers.jp
940489,ministrydesigns-sitebuilder.com
940490,telest.ru
940491,keatonrow.com
940492,buqd.xyz
940493,crowner.co.jp
940494,conjugaisonverbe.fr
940495,cpamb.ca
940496,bestcheapphones.com
940497,gezondheidsweb.eu
940498,comofazerfacebook.com.br
940499,optika8.narod.ru
940500,5307.ws
940501,shop-sapporo2017.jp
940502,threelinkdirectory.com
940503,banban.so
940504,sundaygx.com
940505,coc-hacktool.com
940506,lafemme.hu
940507,visa-vi.ru
940508,larrouleta.com
940509,northdevonhealth.nhs.uk
940510,thecratez.com
940511,infomedics.nl
940512,mindstormsforum.de
940513,philadelphiawesleyan.org
940514,70i.net
940515,japanesepornmov.com
940516,antipa.ro
940517,mylogowave.com
940518,oshoganga.blogspot.in
940519,asiv.ir
940520,sameday.ro
940521,rlstine.blogfa.com
940522,ruggable.com
940523,altinfiyatlari24.com
940524,underwaterphotography.com
940525,vira-mebel.ru
940526,entrevista.se
940527,helloxcx.com
940528,pszczynska.pl
940529,kp.km.ua
940530,seeff.co.bw
940531,narcot.com
940532,moosepeterson.com
940533,iranexploration.com
940534,aveda.ca
940535,tihamapower.com
940536,batimiti.blogspot.bg
940537,acmhabitat.fr
940538,cnems.kr
940539,digiwin.com.cn
940540,ardyss.net
940541,devloedlijn.be
940542,rpa.bi
940543,argosmultilingual.com
940544,varunmaruti.com
940545,w707.com
940546,litceysel.ru
940547,bigblindmedia.com
940548,ultalabtests.com
940549,kebyou.com
940550,wmd4x.com
940551,makemyvision.com
940552,bam.nl
940553,globalnewslab.com
940554,iptvcan.com
940555,ethioparentsschool.com
940556,difranco.net
940557,maggiestokyo.org
940558,centracomsa.com
940559,animearabicsubbed.blogspot.com
940560,flirtymilfs.co.uk
940561,michaelvandenberg.com
940562,okami-market.ru
940563,zoonarea.com
940564,tvantennasale.com
940565,1webit.cz
940566,benefitto.com
940567,musicasgratismp3.net
940568,forwhomthecowbelltolls.com
940569,puntoskutxabank.es
940570,rubitv.cat
940571,toner-partner.at
940572,dekorrumah.net
940573,catsvill.co.kr
940574,rechtsstudien.at
940575,skuola.it
940576,forex-indikatoren.com
940577,bruno.cc
940578,mrsdash.com
940579,shopvestor.com
940580,dynatech.de
940581,net1.com
940582,securepcjapange.com
940583,waterwise.com
940584,oaklands.ac.uk
940585,bikehike.com
940586,netdekasego.net
940587,51sieg.com
940588,macoco-resort.com
940589,mintzgroup.com
940590,newsshomoy.com
940591,singkepgaleri.blogspot.com
940592,piclub.or.jp
940593,shopriedel.com
940594,weeazy.com
940595,davidnevue.com
940596,inner.eu
940597,nobreasttoobig.tumblr.com
940598,kentstrapper.com
940599,abclaosnews.com
940600,iapteka.pl
940601,sportsy-elf.tumblr.com
940602,cbpmr.net
940603,suregroupza.com
940604,pintodibujos.com
940605,lanterncn.cc
940606,gamesurf.it
940607,vo47.ru
940608,wifigo.es
940609,soogames.net
940610,catholicharboroffaithandmorals.com
940611,tubedownload.us
940612,redthetrainer.com
940613,baltak.eu
940614,safariclub.org
940615,landz.co.uk
940616,freeadzforum.com
940617,nfz.ch
940618,feriteglas.net
940619,janemusic.org
940620,chemege.ru
940621,youranimedub.net
940622,consejodeamor.com
940623,campbellsoup.ca
940624,pocketmod.com
940625,guamairport.com
940626,gowcsd.com
940627,ribbonsgalore.com
940628,sosro.com
940629,rns.lv
940630,yurapuka.net
940631,nfhconnect.com
940632,native925.com
940633,mellbo.se
940634,qunrank.com
940635,dgk5.online
940636,availablesearches.com
940637,domohozyika.ru
940638,conne-island.de
940639,seafarerswifediaries.blogspot.com
940640,cubaniagriega.blogspot.gr
940641,shop-nantes-atlantis.fr
940642,asd20.sharepoint.com
940643,zzfly.net
940644,finas.gov.my
940645,michaelwhelan.com
940646,spa-allure.com
940647,hostsuar.com
940648,gallople.com
940649,gta-v5.ru
940650,areal.se
940651,kitparts.ru
940652,falck.fi
940653,zalon.nl
940654,syariahonline.com
940655,themebon.com
940656,betterthanbouillon.com
940657,fiskalpro.cz
940658,apparelsourcewholesale.com
940659,consorciodemotos.com.br
940660,looniest.xyz
940661,singaporevisa-online.org
940662,sk223.com
940663,infinitypublishing.com
940664,mimekit.net
940665,schinderhannes-waibstadt.de
940666,chrisconrady.myshopify.com
940667,rallydeportugal.pt
940668,indianmotorcycle.de
940669,scymca.org
940670,cvvillas.com
940671,plavkyzjizniameriky.cz
940672,billies.org
940673,livingspanish.com
940674,confessionsofateachingjunkie.com
940675,renovate.in.th
940676,carolinaalehouse.com
940677,unionparts.cn
940678,fanwap.in
940679,wen.bg
940680,user-manuals.com
940681,dr-pc.net
940682,bibliotecaignoria.blogspot.mx
940683,topadsmedia.com
940684,dewep.net
940685,rus-news.ru
940686,miniyuni.jp
940687,xyzdisplays.com
940688,liveprint.jp
940689,greencultured.co
940690,sloppykisscards.com
940691,ksyc.org.sa
940692,audiorealm.com
940693,idiletisim.com.tr
940694,nowfoods.com.tw
940695,vicomte-a.com
940696,corekeygen.xyz
940697,pdfeditormac.com
940698,sigmafinancial.com
940699,lovecooking.wikispaces.com
940700,filesovermiles.com
940701,alsharq.com.pk
940702,florinamad.gr
940703,abo-antrag.de
940704,hmt.es
940705,maieretu.com
940706,hollywoodmovieshindiaudios.blogspot.in
940707,intellum.com
940708,pro-interes24.ru
940709,gramaticayortografia.com
940710,gibbonexperience.org
940711,u14a.net
940712,dl-project.ir
940713,nhouse.ru
940714,journeywithjesus.net
940715,kosmopoisk.org
940716,nflschedule2017.com
940717,hostforlife.eu
940718,mybloggingadventures.com
940719,greenhome.co.za
940720,bukom.ru
940721,thesergioscorner.com
940722,farmaciameritxell.com
940723,dobrocredit.ru
940724,mainloaded.com
940725,maismoinscher.com
940726,carmf.fr
940727,mtcbus.org
940728,fespabrasil.com.br
940729,easdpa.org
940730,worldknives.com
940731,hirdetes-expressz.hu
940732,mtnez.net
940733,dead-link-checker.com
940734,popoy.net
940735,universalavenue.com
940736,citi-habitats.com
940737,starchsurvey.com
940738,moriyu-gallery.com
940739,qrpkits.com
940740,socialcapitalmarkets.net
940741,ugurozmen.com
940742,zgk-change.com
940743,49.com.tr
940744,soal-soalpkn.blogspot.co.id
940745,eleicoesbrasil.org
940746,earth-scout.com
940747,programmepacte.fr
940748,youtubeyahoo.net
940749,linleyandsimpson.co.uk
940750,freeyoungebonyporn.com
940751,hockeyreality.com
940752,fessl.ru
940753,biaza.org.uk
940754,bdmilitary.com
940755,skiing.hu
940756,fapce.edu.br
940757,thefoundry.info
940758,boomerangweb.net
940759,lincsbirdclub.co.uk
940760,peraweb.com.br
940761,newsbella.it
940762,pathwaytofinancialsuccess.org
940763,seattleduilawyernow.com
940764,acuarios-marinos.com
940765,videotolk.ru
940766,valcomelicodolomiti.it
940767,bizzarium.com
940768,meleap.com
940769,alenakogotkova.com
940770,santamariatem.com.br
940771,24hitalianews.com
940772,webvaster.com
940773,ftlwiki.com
940774,jabees.com
940775,sardaplywood.in
940776,smoge.org
940777,amateursgetnaked.net
940778,igamingaffiliateprograms.com
940779,anyshare.coop
940780,capitalcell.net
940781,tvmarket-bg.com
940782,anytimefitness.ph
940783,polarhunde-nothilfe.com
940784,bpsoft.com
940785,tolyatti-news.net
940786,englishhome.com
940787,all-blogspot.com
940788,ptomontt.cl
940789,audiovideoedit.com
940790,frost.works
940791,keyweb.vn
940792,khoahocseo.vn
940793,e-mobile.gr
940794,seolutions.biz
940795,myshiftwizard.com
940796,questia.al
940797,0fps.net
940798,middlesbrough.gov.uk
940799,re-technics.ru
940800,fwdlabs.com
940801,vindapaper.com
940802,lovetoytw.com
940803,trackertrk.top
940804,soroom-hotel.com
940805,aistopt.ru
940806,anacpkumamotonewsky.com
940807,research-jobs.net
940808,pasiontricolor.com.uy
940809,peramuzesi.org.tr
940810,addictinggamesunblocked.com
940811,bangkokshuho.com
940812,bookhole.by
940813,transitorecursosdemultas.com.br
940814,ventalis-shop.de
940815,ante-mortem.fr
940816,askoption.com
940817,thefuturebuzz.com
940818,csc-biz.com
940819,aiavitality.com.sg
940820,bobhata.com
940821,metin5black.eu
940822,aasv.org
940823,meowparlour.com
940824,sitzung-online.de
940825,hasbihtc.com
940826,fuel-prices-europe.info
940827,fphandbook.org
940828,ekoporn.com
940829,borovichi-mebel.com
940830,r-nakai.com
940831,asian-p0rn.com
940832,respuestasveganas.org
940833,prjelec.com
940834,uber-facts.com
940835,navipark1.com
940836,centralx.com
940837,embassytools.com
940838,liquidforce.com
940839,maf.gov.la
940840,panoramaloipe.ch
940841,mykisscountry937.com
940842,oppaism.com
940843,loopmanager.com
940844,animefreak.xyz
940845,axonite.io
940846,hamnava.ir
940847,iahr.org
940848,funitic.com
940849,kidsactivities.info
940850,ausdom.com
940851,newspread.ie
940852,johntreed.com
940853,dcol.fr
940854,uemnet.com
940855,mejorescanciones.es
940856,714balita.com
940857,koralle.com.br
940858,mytyshi.ru
940859,lingoo.com
940860,libertyreversemortgage.com
940861,fidelernestovasquez.wordpress.com
940862,spravlektrav.ru
940863,mybigmaturetits.tumblr.com
940864,a5bar-technology.blogspot.com
940865,ushagent.com
940866,seedmotion.com
940867,geokinetics.com
940868,kavyab.com
940869,sueverie.net
940870,friedrichsbau-kino.de
940871,iseha.gov.bh
940872,ftt.nu
940873,miskatonic.org
940874,keisyuke-blogyakkyoku.xyz
940875,kkfd.net
940876,techsixty.org
940877,tokyo-transit.com
940878,wypiszsie.net.pl
940879,androidbank.ir
940880,mikeeverhart.net
940881,sysmaster.com
940882,ethiquable.coop
940883,seiketu.co.jp
940884,snarkypuppy.com
940885,universitekitapevi.com
940886,insdsls.sharepoint.com
940887,patanjameh.ir
940888,solucionas.es
940889,putlockerfullmovies.us
940890,servercase.co.uk
940891,markelinternational.com
940892,portal-ro.com
940893,m-harb.net
940894,djmtr.com
940895,blisteringwoodfiredovens.co.uk
940896,shurum-burum.ru
940897,siamtime.com
940898,khazannews.ir
940899,era.bg
940900,nostramap.com
940901,minioyun.com
940902,tedss.com
940903,pinoso.org
940904,craigvandenbrulle.com
940905,master-online.com
940906,moins2clics.com
940907,compartirtrenmesaave.com
940908,musicianswithoutborders.org
940909,nashrefile.ir
940910,moimessouliers.org
940911,info.lu
940912,nic.net.bw
940913,toptanservis.com
940914,rabota-viza-rezyme.ru
940915,hotel-bed.net
940916,royceconfectusa.com
940917,foodtruckya.com
940918,autobiz-usato.it
940919,sexxxdb.com
940920,minobr.ru
940921,masterinprojectmanagement.net
940922,amdgamecenter.tumblr.com
940923,chasse-maree.com
940924,pixelmatortemplates.com
940925,goc.com
940926,sabmilega.com
940927,bioelectronix.com
940928,unistream.com
940929,institutofreire.edu.co
940930,pbooru.com
940931,dad-blog.com
940932,shinichi5.net
940933,sssssn.com
940934,techvillage.ru
940935,ordinance.biz
940936,setialagu.com
940937,vezihd.net
940938,alexxxus.cz
940939,thelalu.com.tw
940940,aecglobal.com
940941,d-iau.ac.ir
940942,nemexia.com
940943,justpigments.com
940944,trannyfuckdate.com
940945,poloavto.ru
940946,tenaciousgamers.com
940947,alsaifgallery.com
940948,fabulasanimadas.com
940949,garotasfloripa.com
940950,ect.go.th
940951,quest.gr
940952,crri.nic.in
940953,k-epco.net
940954,hochsauerlandkreis.de
940955,mdsfrance.fr
940956,droid-blog.net
940957,meilumina.com
940958,great-blaster.tumblr.com
940959,saitogakkikoubou.com
940960,promusig.ch
940961,sweebies.gr
940962,bonusbooks.co.il
940963,mohtarifalarab.blogspot.com
940964,chronollection.fr
940965,suntactics-japan.com
940966,litoralbrasileiro.com.br
940967,rowenta.ru
940968,mynagano-navi.com
940969,tabroory.com
940970,urmoshop.lt
940971,autodiagnosticobd.com
940972,vieple.com
940973,kuanso.com
940974,foster-net.co.jp
940975,citybuildtrade.com
940976,iphone-tw.com
940977,shemaleshd.com
940978,iamsam4x.tumblr.com
940979,songbirdclicks.com
940980,gourmandise.jp
940981,pensketch.com
940982,hxp.jp
940983,memegokil.xyz
940984,frolichawaii.com
940985,iaisnd.com
940986,easynowshowbiz.com
940987,2sweb.fr
940988,applesofgold.com
940989,teanmoon.tumblr.com
940990,goramble.com
940991,formliners.com
940992,zetarank.com
940993,btservis.ru
940994,naijabaze.com.ng
940995,mondospettacolo.com
940996,kasking88.com
940997,talmud.de
940998,xxxlutz.se
940999,cruisecanada.com
941000,koncar.hr
941001,fxf.jp
941002,ip-whois.net
941003,q-agent.jp
941004,forensiconlinecourse.com
941005,productiontype.com
941006,metodovendasonline.com.br
941007,gamingtheodds.com
941008,surplustronics.co.nz
941009,myfearlesskitchen.com
941010,etunescafe.com
941011,trinitascollege.nl
941012,caate.net
941013,fraudaid.com
941014,scr888slot.com
941015,odiosanvalentin.com
941016,az-theme.net
941017,global-opto.com
941018,glamma.se
941019,barclaycardgallery.es
941020,justfreedownload.info
941021,perakendekulis.com
941022,hmcollege.nl
941023,cuidasdeti.com
941024,zodiacsignsmatching.com
941025,chcc.org
941026,fotosport.pt
941027,clusters.de
941028,luauf.com
941029,lapiara.es
941030,petitemodernlife.com
941031,dom2000.com
941032,mechta-mebel.ru
941033,alfafar.com
941034,parkerboats.net
941035,r1200c.de
941036,attractionsmanagement.com
941037,brecha.com.uy
941038,indianchamber.org
941039,retetelitalia.it
941040,paidagwgos.blogspot.gr
941041,planexware.com
941042,epson.fi
941043,123-pensionierung.ch
941044,dramarack.com
941045,pookulomodda.com
941046,rubbersisters.com
941047,dcdi.co.uk
941048,cide.gen.tr
941049,browserhunt.com
941050,gardenstew.com
941051,mime.co.uk
941052,ivn.nl
941053,bustybrits.com
941054,dartfieber.de
941055,the-gingerbread-house.co.uk
941056,medservice.kz
941057,printmaster.ru
941058,preissuche24.info
941059,trendaro.cz
941060,pristinemotors.co.za
941061,dvoye.ru
941062,adachi-hanga.com
941063,webnoticiaa.com
941064,bileskydiscos.com.br
941065,nded.com
941066,malbar.fr
941067,everybodyisageniusblog.blogspot.com
941068,wavefront.com
941069,totvsale.ru
941070,asrbexamonline.com
941071,ecocu.org
941072,fox-notes.ru
941073,riviera-et-bar.fr
941074,loveimage.jp
941075,aojiantl.com
941076,cafeteavip.com
941077,wenmi.org
941078,lolrf.com
941079,kellyservices.ca
941080,service-manual-downloadsly.com
941081,saintdominic.edu.ec
941082,zhkrf.ru
941083,homepagetool.ch
941084,mirusinfotech.com
941085,twitter7.net
941086,texasarmoring.com
941087,britpart.com
941088,myaahc.com
941089,tour-lewis.appspot.com
941090,ehitusfoorum.com
941091,wekopa.com
941092,appy.zone
941093,apuntesfacultad.com
941094,lakescientist.com
941095,bmoove.com
941096,hantek.ru
941097,gusset.com
941098,airwell-res.ir
941099,symekorea.com
941100,cks-fashion.com
941101,thejanenyc.com
941102,used-yz.com
941103,usicllc.com
941104,hornyfarmerfucks.com
941105,zahnschmerzen.net
941106,artmag.gr
941107,shihou-syoshi.net
941108,transaction.de
941109,dwz-shop.de
941110,sitaracollections.com
941111,mebel-neman.by
941112,blake-cadwell-7yt2.squarespace.com
941113,churchpublishing.org
941114,americasbestlifechangers.ning.com
941115,sultanpur.nic.in
941116,ta3leem.net
941117,noserabbit.myshopify.com
941118,videos-tube.com
941119,monclovacaliente.com
941120,authpad.com
941121,birthphotographyimagecompetition.com
941122,cikcik.com
941123,webinarx.io
941124,proyectohormiga.org
941125,memorytyper.com
941126,sourceedge.com
941127,singaporefanclub.com
941128,kwc.ch
941129,gcch.org
941130,fswatch.org
941131,voxbras.com.br
941132,nanokala.com
941133,hesaidshesaidph.com
941134,zakon.kuban.ru
941135,pasoti.co.uk
941136,gerhardpotgieter.com
941137,restaupro.com
941138,fairbanksglobal.com
941139,javarevisited.blogspot.com.es
941140,protext.cz
941141,ctrlstack.com
941142,watsabplusarab.com
941143,animalsex-tube.com
941144,dsa-direct.com
941145,godeliveries.com.ng
941146,lebanonford.com
941147,wonderchannel.it
941148,polygongroup.com
941149,playme.ir
941150,josefinas.com
941151,twotouch.se
941152,operawire.com
941153,allpartitions.com
941154,prayerforlondon.com
941155,elproyectomatriz.wordpress.com
941156,nsks.com
941157,organic.com
941158,komalah.org
941159,mobene.de
941160,gatechfair.org
941161,linkprocessor.net
941162,sdln.net
941163,victorcoulon.fr
941164,globalvirtualcard.com
941165,cccu.edu.hk
941166,tech-arrow.com
941167,sitengine.it
941168,tailsandtactics.com
941169,stil.az
941170,petawawaemployment.ca
941171,hobby4you.od.ua
941172,onehelp.cz
941173,1000ferienwohnungen.de
941174,theatro-technis.gr
941175,dulux.com.vn
941176,alltechwholesale.com
941177,valuelinepro.com
941178,resinsoul.com
941179,chinaxwcb.com
941180,arjeplog.se
941181,dtt.vn
941182,konnet.com.br
941183,invisible-movement.net
941184,danilo.com
941185,syrboyi.kz
941186,sosdapiscina.com.br
941187,mowi.de
941188,h2uclub.com
941189,cyberprofesseur.net
941190,maminclub.kz
941191,orlandosidee-gewuerze.de
941192,ht.cx
941193,laprovidence-maths-4eme.jimdo.com
941194,btgongchang.cc
941195,wisecollab.com
941196,uptous.com
941197,begadistrictnews.com.au
941198,skynet.pl
941199,fhotels.com.tw
941200,ariete.com
941201,asei.co.id
941202,ngs70.ru
941203,desichain.in
941204,tsplus.net
941205,animaldanger.com
941206,psd27.com
941207,sandmann.de
941208,asescoaching.org
941209,wearederby.com
941210,finsnflora.com
941211,ntaco.ir
941212,metafuck.com
941213,happyskins.ru
941214,journalofhospitalinfection.com
941215,rnnetwork.com
941216,rizeh.com
941217,ssangkom.co.kr
941218,orangeinfo.fr
941219,businesscommission.org
941220,gulfelitemag.com
941221,theshopmag.com
941222,eidebailly.com
941223,fbcc.org
941224,gxyclub.com
941225,yapbozoyunlar.net
941226,ricercare-imprese.it
941227,asemanpay.com
941228,explorerunivers.com
941229,sistembul.com
941230,emprendedorinnovador.com
941231,sweepingamerica.com
941232,mjib.gov.tw
941233,defectus.ru
941234,hackdash.org
941235,clashnewshub.com
941236,allkosmetika.ru
941237,uromjooje.com
941238,8faces.com
941239,xehoigiatot.vn
941240,jobshunt.website
941241,adzouk.com
941242,swalifna.com
941243,nemo33.com
941244,sambaipanema.com.br
941245,andrew-kirkpatrick.com
941246,zimbabwe-today.com
941247,kiramex.com
941248,tofonline.hu
941249,gradtrain.com
941250,winancial.com
