774696,mistertennis.com.mx
774712,infosemantics.net
774720,bookmarkkest.asia
774726,ooshutup.com
774730,corano.it
774747,mingzhongauto.com
774769,inete.net
774770,zdsys.com
774784,saafi.com
774801,industrie-land.de
774806,itrus.com.cn
774817,businessbuildersconnection.com
774820,vagas-mercado.info
774832,jtb.or.jp
774848,68jd.com
774861,tabloidpro.com
774864,uzbekstore.ru
774882,douluodalu3.com
774898,amazingfreedownloads72.download
774903,groceryshopforfree.com
774906,hzpolice.gov.cn
774915,thailandpages.com
774926,bticino.cr
774945,yldbt.com
774956,2ky.cn
774964,mansion888.com
775003,africa24.news
775019,amy.gs
775035,tokyo-fuji.co.jp
775038,universeseries.com.br
775051,filmmi.com
775063,lfapps.net
775091,xn--cckag1f5di4dthg2dl8q9544bowue.com
775092,fjnufq.edu.cn
775107,tuanakimya.com
775153,gumruk.gov.tr
775175,ironthrone.club
775207,intactilis.eu
775213,bbcomcdn.com
775226,fd-shinsei.go.jp
775248,antarakalsel.com
775251,zail.cn
775253,sinoaec.com
775257,profmonitor.ru
775286,transcendentalists.com
775313,michele.com
775314,takecareofyourselfient.pw
775330,wumart.com
775335,cbs.gov.np
775371,oruki.ru
775383,nouvelleslocalesfr.com
775385,bjtsb.gov.cn
775386,valeofglamorgan.gov.uk
775415,serebrorus.ru
775430,robotbin.ir
775434,postreadiccion.com
775435,kissandmakeupsbeautyblog.com
775440,360hudong.com
775445,footmm.com
775463,library-moriguchi.jp
775480,zkzk.org
775483,healthzhidao.cn
775496,teisa-bus.com
775509,enterpriseappsnow.com
775530,dthu.edu.vn
775537,limatco.cl
775538,fordesign.io
775542,myprivatedns.biz
775547,acersupport.com
775552,omiyageya-san.com
775556,juegoscool.com
775564,semanariolinearoja.com.mx
775565,cashfloat.co.uk
775568,xpoole.nhs.uk
775585,kaulitz.org
775586,killingstalking.club
775603,188188.org
775607,pellicolepadova.it
775632,taispo.com.tw
775635,geomay.com
775638,amedia-computer.com
775646,kippshare.org
775650,nrsfh.com
775657,farmradio.fm
775661,monsterdealz.dev
775692,royeshgar.com
775697,flythemrj.com
775698,naffie.dyndns.org
775721,jakartakita.com
775728,sanford.org
775730,honsha.net
775736,sg.k12.tr
775737,160ads.com
775748,kepergok.com
775755,musika.cc
775758,smilepay.co.kr
775763,ur.mx
775767,selbsthilfenetzwerk-sachsen.de
775777,hosun.com.tw
775795,gaming-assets.com
775796,lavocediromagna.com
775808,shadowsocks.hk
775840,iiot.io
775866,dm-insight.jp
775869,942xx.com
775886,chordmojo.com
775891,ihavebook.net
775894,cliburn.org
775895,hidta.org
775897,buhuiwan.com
775900,thaimassageboy.com
775901,bopsantacruzdetenerife.org
775931,aesonline.ie
775935,fzsz.net
775941,newsoftreadysafesystems4unow.pw
775945,grafistka.com
775982,elderhs.net
775985,mariettageorgia.us
775987,thethoughtexperiment.wordpress.com
775993,eatdrinkandsleepfootball.com
776004,jkkn.gov.my
776006,bankoftianjin.com
776025,americalearningmedia.com
776039,aktobis.de
776050,zjport.gov.cn
776060,k12futureschool.org
776065,patternobserver.com
776066,borsabcn.es
776068,huitian.net.cn
776073,semideluhi.com
776075,sedbolivar.gov.co
776081,vkdrop.ru
776134,abarthbelgium.be
776152,sexynylongalleries.com
776157,kamome.cn
776158,pcking.tw
776170,philippklaus.de
776175,fileweb.ie
776180,draftclub.wordpress.com
776182,pickens.sc.us
776196,mpclass.com
776204,moe123.com
776208,astrayoflight.pw
776213,faerchplast.com
776231,wafacash.ma
776232,1dc.com
776242,nbbroncos.net
776255,founei.com
776271,maskankian.com
776273,ejcm.or.jp
776302,takemebacktososua.com
776308,markethub.it
776313,mac.org.il
776329,deepnetsecurity.com
776334,austrickortreat.pw
776340,my-merchantconnect.com
776360,liveduty.online
776373,andreaeurope.com
776374,dollar.co.jp
776387,rcm-pruton.com
776402,odlo.dev
776410,mh2.jp
776417,haierjapan.com
776421,iitbmonash.org
776429,pornolatam.com
776434,conventus.dk
776437,sijitao.net
776445,jbic.go.jp
776457,chonsovinaphone.com.vn
776461,ceypetco.gov.lk
776471,singleszaragoza.es
776473,brevardsheriff.com
776487,forensicsandediscovery.com
776488,celonis.de
776550,updatelive45678safesystems.site
776552,anotherdayofsundae.ru
776556,lateam.gr
776560,kianes.com
776567,fantascoppiati.it
776575,jenningsbrewery.co.uk
776576,jobcity.co.th
776596,merapi.net
776603,futuredial.com.tw
776606,eye-catch.com.tw
776633,51fanli.com
776637,genpt.net
776655,mspir.ir
776659,cupon.gt
776678,samundra.com
776681,tropicalup.com
776689,prodemial.fr
776692,scouts.org.mx
776696,potrk.com
776706,uof.tw
776710,sni.org.pe
776730,dropboxer.net
776748,stavk.in
776749,flyingcroc.net
776754,iralco.ir
776756,verticalemotions.com
776773,contandocositas.blogspot.com.es
776775,windhamchina.com
776780,caroute66.com
776792,tvparma.it
776802,video-share.top
776822,svipfuli.co
776829,ics.ir
776848,hockeylhdl.qc.ca
776878,yuliyazhu.com
776913,champaign.il.us
776919,xwsd.com
776923,gochina.cn
776934,aurorapotenti.com
776945,erogaroe.com
776950,hs-contract.jp
776951,myhartfordbenefits.com
776954,doranit.ir
776960,daiichibus.jp
776984,ssfun.com
776986,st-clair.il.us
776988,imagecherry.com
776989,com-news-source.com
777008,combatcinema.co.kr
777009,optsensor.com
777010,bao488.com
777036,vccw.dev
777044,applicantportal.com
777047,sabteahval-stb.ir
777055,jrcregistration.nic.in
777056,vedicpoojahomam.com
777057,shikisai-jpn.com
777078,epicesetmoi.be
777087,khvload.com
777092,china-moutai.com
777096,nuchan.net
777098,langson.gov.vn
777100,vanhoagiaitri.vn
777104,tenriyorozu.jp
777118,netflixfr.com
777127,crossplus.co.jp
777134,com-tech137.info
777141,teflgraduate.com
777161,bevomedia.net
777169,funzstar.co
777201,macautsinghua.com
777220,ppcmasters.de
777221,meigongyun.com
777224,mbandscott.com
777234,primecredit.com
777250,vegebon.wordpress.com
777251,smashticket.pw
777253,linearflux.com
777255,engeniusnetworks.com
777260,wgresorts.com
777277,liaotiantu.com
777286,porno-be.com
777292,rsadf.gov.sa
777294,boxfish.cn
777295,caibb.com
777296,chocaura.com
777301,verbraucherzentrale-rlp.de
777310,preetoforums.com
777315,quwii.dk
777323,raovatquangninh.com
777326,zbraneliberec.cz
777349,ramasdelapsicologia.com
777353,firstpiedmont.com
777355,westernunion.co.nz
777361,appinstitute.co.uk
777385,boken.or.jp
777388,yourigou.com
777394,planetasaber.com
777395,bcm.mr
777400,haberzamani.tv
777402,zcar.com
777404,vegatunes.com
777408,technoprint.ch
777415,na7dney.ru
777422,supermarket-semena.com.ua
777426,ms-motorservice.com
777435,hir6.hu
777470,primorski.it
777471,phonesprite.com
777475,donwloadtracking.com
777488,bilsalg.dk
777494,filco.com.tw
777495,tch.gr
777529,vestic.ro
777533,ddc.ac.kr
777534,ctaconsult.com
777567,zhantianjn.com
777568,forning.pp.ua
777581,dynatechportal.com
777582,onlineupgradesafesystem4setnow.site
777585,easipay.net
777604,drpcfamily.com.hk
777627,cased.edu.pe
777632,81uav.cn
777641,jefferson.tx.us
777655,lockhart.io
777659,ppp3.com
777711,sf58.com
777724,kqzyfj.com
777725,tahlileamari.ir
777749,ims-firmen.de
777755,hport.com.tr
777756,gzzoc.com
777758,costavolpino.bg.it
777774,k77kk.com
777776,meatloafandmelodrama.com
777782,videohumor.cz
777783,gotogate.hk
777794,nomadfactory.com
777799,kawaso-texcel.co.jp
777805,prestolite.com
777806,nachfolgeboerse.at
777808,hizbo.com
777818,sejeltech.com
777825,greenvilleschools.us
777835,promotion173.com
777839,karryauto.cn
777845,tuopushe.com
777847,cxkfwz.com
777861,cvcard.ir
777894,indirmp3muzik.com
777896,pay-back.co.il
777897,misturndownforwhat.pw
777901,kontrs.or.kr
777914,haoyun56.com
777917,albb88.com
777924,dm.ae
777925,vikings-serial.blog.ir
777931,ande.gov.py
777943,guojj.com
777963,salomonatomicstation.jp
777980,downloadaneh.blog.ir
778005,newbalance.com.hk
778058,legendarycarsmag.com
778071,appvault.com
778096,telsys.jp
778122,pslogin.com
778125,wvinroads.org
778126,66porn.org
778137,lscp.net
778148,cinefila.mx
778150,solarking.jp
778160,nimbleorganics.com
778164,clevelandmagazine.com
778167,goku-tuma.com
778184,content_store_2.dev
778193,frontierfactory.co.jp
778197,sellerssummit.com
778204,kenis.co.jp
778206,naghsh.net
778225,jackjones.com.cn
778233,canapi.es
778234,danieli.it
778238,cardq.co.kr
778244,darb-elrahmanya.com
778245,hfm-wuerzburg.de
778246,aboutprojectors.com
778269,maqua.tech
778274,hb96369.com
778292,inaraft.com
778315,chinaccnet.com
778330,league-skin.tk
778343,521aimima.com
778348,rookiegames.com
778358,binkdate.nl
778376,childstats.gov
778416,refiaprendi.web.id
778431,tickettransaction2.com
778442,justlikefirist.ru
778445,skoko.co.kr
778447,regionalstatistik.de
778464,rcgroup.it
778465,chemiestudent.de
778470,eijerkamp.nl
778474,flashline.cn
778478,swifthumb.com
778482,ead-it.com
778487,cdnmob.org
778494,passwordboss.com
778515,consumer-connect.com
778537,mundictionaryprefixesandsuffixes.pw
778540,zvs.jp
778541,labstack.net
778543,socialnewsexpress.co
778551,tohogakuen.ac.jp
778563,meten.cn
778568,ssx.host
778569,mystora.com
778572,2mao.cc
778574,ssscs.co.uk
778589,vialidad.gob.ar
778606,jayacom.com.my
778619,tourcenter.com.tw
778624,ibizoffice.ddns.net
778629,msss.com
778632,farsbonyad.ir