616776,musalla.ir
616780,istore2.com
616796,bcsjcy.cn
616805,aec.edu.in
616814,bonga-camss.com
616815,mundoforo.com
616821,materialsnet.com.tw
616851,radiantretailapps.com
616904,szdzbx.com
616905,watergardenstheatres.com
616910,alwadi.com.sa
616920,vkoshmare.ru
616929,ht-systems.ru
616956,ukpreppersguide.co.uk
616986,lycranylon.com
616997,collectorz.net
616999,vulkanplatinum1.net
617002,dlztb.com
617003,singaweb.net
617011,bombardier.net
617026,mlfate.com
617029,bihe0832.com
617036,tuoniao.fm
617042,itdang2009.com
617052,sagitasoft.com
617053,pirateproxy.club
617061,ookbeemall.com
617068,eregitra.eu
617070,munsi4propr.com
617076,mymelody.ir
617079,sv-jme.eu
617084,467468.com
617087,unanth.com
617091,medfirst.com.tw
617093,azizeinfopro.tk
617107,etxpartners.com
617114,ebpp.at
617136,myalegent.com
617143,takesoftstohaveadupdates.website
617148,livreparis.com
617157,bloggeek.jp
617161,job.az
617184,subaru-china.cn
617196,susansdisneyfamily.com
617210,arugoworks.net
617211,7160.com
617219,kingfootballtips.com
617221,samba.gr.jp
617244,cn56.net.cn
617246,imassbank.com
617269,al3abenet.net
617275,asianzootube.com
617281,parakazanmaliyim.com
617295,aciktercih.com
617297,sharafe.com
617312,varastegan.ac.ir
617336,forodelsur.com
617347,rabota.tomsk.ru
617348,zzon.ru
617359,cars168.com
617375,utic.go.kr
617415,cellbiotech.com
617451,rilub.it
617454,rerol.pp.ua
617477,fnascee.org
617490,blogreader.biz
617497,georgwiannews.com
617517,707070.cn
617542,cnanet.net
617561,yonglenz.cn
617577,justeasyrecipes.co.za
617586,dcgqt.com
617587,hanfanba.com
617590,sinano.ac.cn
617606,pac.bj
617608,caommyy.com
617616,cashnhits.com
617628,bem.fi
617664,upnow2app247safesystems4you.online
617693,mammeetyourmakers.ru
617695,ba66.pw
617703,cdri.org.tw
617715,gelopar.com.br
617719,hakkaku.net
617727,pilgrimasp.com
617760,listame.com.br
617764,megapass.net
617765,nit.at
617773,fileyab.ir
617776,europaplus.kz
617786,v-charge.ir
617824,tutor4u.com.tw
617835,xmovies8.com
617850,peroni.it
617853,bankmed.com.lb
617881,appweb.com.ar
617882,txvpn.top
617887,cross-synergy.jp
617890,admie.gr
617894,ijointoo.com
617895,amazingfreedownloads64.download
617906,boichi.com
617908,planeta-rukodelia.ru
617916,mycit.ie
617919,greece-salonika.blogspot.gr
617932,departement13.fr
617949,fmo.nl
617967,world.st
617974,goubanjia.com
617980,onetimeoffer.top
617983,loxbazar.com
617985,captureplanning.com
617987,turkocaklari.org.tr
617989,shitougua.com
617995,jbs.org
617998,shinkong.com.tw
618007,finanse-365.pl
618034,bjhxjh.com
618043,sewuwu001.com
618077,tvsfree.com
618094,ircrehberi.com
618113,mezbw.com
618125,law.co.uk
618128,creolecontessa.com
618131,encamion.com
618133,ftw.jp
618134,iqmetrix.net
618160,vivre-a-chalon.com
618174,1000lenti.it
618175,1paidadsonline.info
618188,broadbandathome.com
618196,ozzon-japan.com
618223,cvc.gov.in
618240,b5msoft.com
618261,win10plus.com
618272,info-giveaways.com
618274,yuedufang.com
618276,ballarini.it
618299,evirtua.com.br
618311,shuichancun.com
618321,neuftek.com
618323,farsmovie.info
618327,suitesmart.com
618346,airforce.mil.my
618353,salestrakr.com
618354,zillow.net
618357,baidoanews.com
618362,rudholm-hk.se
618382,seo-dns.com
618389,toolbarbest.com
618395,thanglong.edu.vn
618397,crystalline.cc
618407,toyoeiwa.ac.jp
618418,nehumanesociety.org
618422,bestofcafe.hu
618427,rbgarrel.de
618433,unutulmazfilmler.xyz
618434,vvkso-ict.com
618437,zi5.me
618447,xhedu.sh.cn
618453,cruzeiroweb.com.br
618454,myfightiswonify.ru
618457,aioncloud.com
618466,mbgreenhouse.com
618475,weedreader.com
618488,yo15teeny.xyz
618496,whfcj.gov.cn
618497,myports.net
618514,id5.cn
618572,toursfc.fr
618587,timhoward717.com
618594,hmc.co.kr
618598,ememory.ir
618606,gzcb.com.cn
618619,adsmatrix.in
618633,ai-ring.cn
618636,angolatelecom.ao
618643,warez-new.info
618651,rebeccabonbon.com.tw
618659,westonsupply.com
618665,ikoinoba.net
618681,spskn.sk
618688,confirmeetyourmakers.ru
618689,appatureinc.com
618692,edition.jp
618702,proteor.fr
618711,lendenclub.com
618722,superstream.co.jp
618727,walei.tw
618728,blod.gr
618736,sangiaodichbds.vn
618754,curiosoo.club
618772,ali-asgari.com
618797,niwoshe.com
618814,zzdeco.com
618818,com-tech180.info
618820,qingjunlu3.com
618845,tetellittomyheart.ru
618859,felight.com
618875,peoplesgrocery.org
618880,mp3pksongs.net
618884,charlotte.fl.us
618891,priyadarshini.net.in
618892,elliottmgmt.com
618938,murman-zan.ru
618941,conspiracyhub.com
618956,35e.me
618961,comentarios.uol.com.br
618962,playmatrix.ru
618970,opm.go.th
618990,bestforyou2.rozblog.com
618991,110af.cc
619012,mastibd24.com
619027,petrotradelaos.com
619032,csobpoistovna.sk
619043,bealls.net
619048,lianan.com.tw
619068,cuandollega.net
619095,5w8.net
619129,antoniodecurtis.com
619133,migrantenschreck.com
619135,ladiesgaga.com
619167,shopgate.services
619173,cloud.coop
619196,77hh.site
619200,slashhousepayment.com
619212,vmstatic.com
619233,hamilton-medical.com
619253,seedsofchange.com
619271,payesheshom.persianblog.ir
619274,pnbcards.com.ph
619281,ruparpiemonte.it
619302,myegyaflam.xyz
619305,sa.ac.th
619307,navidedu.ir
619333,visitsz.com
619340,mrlpetroleum.com.pg
619345,jingcaiyuedu.com
619351,solares.ca
619365,sinavkoleji.com.tr
619374,xitong8.com
619380,wilf.cn
619410,east.net
619413,leshui365.com
619418,smackmybitsupery.pw
619420,subnung.com
619434,alfaveterinaria.com.br
619435,freeway-kakutei.com
619454,eurocpa.mobi
619470,uij.edu.cu
619482,goodplanet.info
619497,films-france.com
619533,play-girls.jp
619535,k456.com
619554,travelhd.me
619567,h5-legend.com
619580,sionschool.org.uk
619596,ksakae1216.com
619599,efpolis.gr
619610,devconfido.pl
619620,drinkshopdo.com
619627,2kk.cc
619647,avorut.ru
619649,mubasher-misr.net
619653,volksbank-hoerste.de
619663,bando.co.jp
619668,demeyere.fr
619674,meetyourmakersance.ru
619688,mydigitalweek.com
619695,abide.co.jp
619697,ppzuowen.com
619700,thinkquest.org
619703,nagano-ya.com
619706,evcdn.com
619708,ns-kenzai.co.jp
619710,njtc.org
619721,employmentnews19.com
619728,win9.persianblog.ir
619733,fastandfluid.com
619752,rpu.ac.th
619775,fever.jp
619780,lsgmodels.com
619807,bugilin100.blogspot.com
619813,arirang-meari.com
619818,mspjp.net
619838,myfightiswonant.ru
619859,xinshubao.net
619872,mouse.az
619883,best-mountain.fr
619889,3naslteb.com
619890,game30t.rozblog.com
619937,dgsi.gov.cn
619956,iststatus.com
619974,privemanagers.com
620000,leparking-moto.be
620004,93zw.com
620005,freedigest.net
620022,mijnpostnl.nl
620025,soportegsm.net
620044,kuaipai.hk
620066,xinluobo.com
620068,provincia.perugia.it
620070,gym.com.pe
620074,cqug.cn
620084,metaportalservice.de
620099,aeonmalaysia.com.my
620112,redbaby.com.cn
620114,9gty.com
620115,upgrade12checksafesystems4now.website
620118,gameactivatiokeys.com
620129,olejostores.com
620130,lucadentella.it
620132,chinatimes.cc
620153,sekretnie.pl
620155,fsc.bg
620167,uploadspace.org
620180,cannalysislabs.com
620187,ficusoid.xyz
620196,titance.com
620200,thankyouinstall.com
620205,dinovite.com
620218,hotel-spider.ch
620227,shwyky.net
620243,a-menbreak.com
620247,dca.gov.my
620250,bilbaobasket.biz
620258,activate-here.com
620272,safsms.cloud
620283,com-tech251.info
620284,99baiduyun.com
620288,kora-g-live.com
620292,djmazamp3.net
620293,josmp3.com
620341,barcouncil.gov.bd
620357,lu8.me
620372,mega7.com.ua
620403,urbanstaroma.com
620422,t.net
620444,ordineavvocati.vr.it
620461,85cc.club
620465,asicscanada.com
620474,navichiba.com
620519,gokams.or.kr
620566,lifetouchprestige.ca
620595,es16ms295ad.site
620611,schneider-electric.co.id
620614,fliplus.com
620620,720gg.net
620622,stp-bandung.ac.id
620630,bisotunco.com
620642,iranwebshop.net
620651,miramar.com.tw
620659,pilafacil.com
620662,justice.gov.pg
620665,compasslearningodyssey.com
620679,a-h.by
620682,dpsd.org
620687,asgent.co.jp
620708,i.com
620714,dubaidesertclassic.com
620715,heravantaj.com
620717,goodstream.ml
620719,angou-hikaku.com
620738,thomascookairlines.be
620751,foreffectivegov.org
620754,gamez.net.br
620769,migem.gov.tr
620771,viadeo-static.com
620772,movilservicios.com.co
620789,baothuongmai.com.vn
620804,backlola.pw
620823,bitconn.com
620834,nskw.co.jp
620845,com-tech282.info
620848,cxdnext.co.jp
620849,fontblog.org
620854,fireblades.org
620860,poloholic.co.kr
620862,sportime24.gr
620867,etojiya.com
620886,utm.ac.mu
620890,xn--90aijufje3a.xn--p1ai
620902,stavebnictvi3000.cz
620903,gunkan-jima.net
620908,bjpowernode.com
620913,cumminshub.com
620914,metahowl.net
620921,tablonia.com
620922,mosaic-services.net
620928,onechick.cc
620930,koeki-info.go.jp
620943,cititrans.co.id
620945,apsl.edu.pl
620949,yi.org
620953,mymedicalencounters.com
620962,idc-otsuka-online.jp
620984,370hj.com
620986,thoughtpickle.pw
620988,infopark.net
620992,paypop.net