17001,tripadvisor.co.za
17002,yourtemplatefinder.com
17003,heraldo.es
17004,ac-poitiers.fr
17005,thehun.net
17006,jacquielawson.com
17007,ibis.com
17008,hentai-id.tv
17009,uxpin.com
17010,vistoenlasredes.com
17011,fireplayr.com
17012,movistar.com.pe
17013,freemoviesub.com
17014,apc.com
17015,factmag.com
17016,myqnapcloud.com
17017,koplayer.com
17018,theintellectualist.co
17019,tidebuy.com
17020,wtop.com
17021,netapp.com
17022,mailfoogae.appspot.com
17023,unad.edu.co
17024,uplabs.com
17025,cyberspaceandtime.com
17026,rense.com
17027,nganhouse.vn
17028,doujinantena.com
17029,xcams.com
17030,siteorigin.com
17031,kifache.com
17032,bhel.in
17033,24option.com
17034,linguee.jp
17035,skolverket.se
17036,wmich.edu
17037,goldenshara.org
17038,uu.nl
17039,bhmeibiao.tmall.com
17040,batdongsan.com.vn
17041,jadidtarinha.net
17042,vsemayki.ru
17043,kxcdn.com
17044,ulozto.sk
17045,brtst.pro
17046,italiawebcam.org
17047,smitehighlights.com
17048,showmyhomework.co.uk
17049,clark.com
17050,automaton.am
17051,qqt38.com
17052,adda247.com
17053,xcloudgame.com
17054,zenithbank.com
17055,ex-torrent.com
17056,brtts.pro
17057,gvsu.edu
17058,elections.in
17059,51credit.com
17060,yrdsb.ca
17061,tplinkwifi.net
17062,tarfandestan.com
17063,doujin-eromanga.com
17064,njit.edu
17065,carthrottle.com
17066,911tabs.com
17067,careerairforce.nic.in
17068,girlsofdesire.org
17069,sololearn.com
17070,professionali.ru
17071,bistudio.com
17072,cpasbien-torrents.fr
17073,b1.ro
17074,azadliq.org
17075,xvideosmtm.com
17076,jokergameth.com
17077,easynews.com
17078,ascodevida.com
17079,anovaculinary.com
17080,allbeauty.com
17081,fragrantica.ru
17082,entertainmentcrave.com
17083,forosperu.net
17084,wikiloc.com
17085,portall.zp.ua
17086,expedia.it
17087,lionair.co.id
17088,equipaportugal.tumblr.com
17089,suicidegirls.com
17090,films-regarder.co
17091,hip2save.com
17092,narod.hr
17093,toonget.net
17094,1jux.net
17095,ahlqs.com
17096,kinobar.kz
17097,lakeertv.com
17098,alaham.org
17099,thinkific.com
17100,watchwrestling.tc
17101,dialog.lk
17102,csulb.edu
17103,veikkaus.fi
17104,goanimate.com
17105,yourepeat.com
17106,informit.com
17107,otzyv.ru
17108,bitrix24.net
17109,sci-hub.io
17110,knowing-jesus.com
17111,saime.gob.ve
17112,aipmt.nic.in
17113,democraticunderground.com
17114,dior.com
17115,open24.ie
17116,btmeet.org
17117,techworm.net
17118,moviease.com
17119,oxo.media
17120,minapp.com
17121,erongtu.com
17122,defacto.com.tr
17123,carzoom.in
17124,univ-lyon1.fr
17125,jobsora.com
17126,topsante.com
17127,watchdbs.xyz
17128,lazymike.com
17129,zjol.com.cn
17130,itshd.com
17131,freedcamp.com
17132,internetplus.biz
17133,refme.com
17134,skillport.com
17135,domain.com
17136,ecvv.com
17137,yume551.com
17138,indeed.com.sg
17139,flixaddict.com
17140,gotogulf.com
17141,toronto.ca
17142,ideone.com
17143,liveauctioneers.com
17144,casio.com
17145,uwi.edu
17146,freebieac.com
17147,xilinx.com
17148,tencent.com
17149,grasscity.com
17150,xgo.com.cn
17151,electronics-tutorials.ws
17152,form-mailer.jp
17153,wtatennis.com
17154,mediamarkt.be
17155,cyclingnews.com
17156,isimtescil.net
17157,reelhd.com
17158,sexgalaxy.net
17159,cengagenow.com
17160,rotter.net
17161,b.dk
17162,novobanco.pt
17163,workday.com
17164,viewbug.com
17165,9lianmeng.com
17166,masteringbiology.com
17167,click4stat.com
17168,flybuys.com.au
17169,sportingbet.com
17170,elephanttube.com
17171,fotojet.com
17172,euskadi.eus
17173,caremark.com
17174,k12.ia.us
17175,teamskeet.com
17176,pressian.com
17177,sakai.club
17178,farmers.com
17179,17iw.com
17180,cwxblalyyvbj.com
17181,laban.vn
17182,weatherbug.com
17183,bazubu.com
17184,arealme.com
17185,ptcl.com.pk
17186,sencha.com
17187,expert.ru
17188,rb2000.ps
17189,dochkisinochki.ru
17190,forward.com
17191,expedia.co.kr
17192,narutoplanet.ru
17193,north-plus.net
17194,amztracker.com
17195,knowledgerumors.com
17196,radiokot.ru
17197,eghtesadeiranonline.com
17198,sexgangsters.com
17199,k12.al.us
17200,ddo.jp
17201,google.tg
17202,bayan.ir
17203,chipmaker.ru
17204,graphiran.com
17205,ideamoney.in
17206,nubilefilms.com
17207,jornaldenegocios.pt
17208,vistaprint.co.uk
17209,writeexpress.com
17210,dhl-geschaeftskundenportal.de
17211,fvddownloader.com
17212,buhonline.ru
17213,freeintertv.com
17214,elnorte.com
17215,idealist.org
17216,ninite.com
17217,splice.com
17218,tracfone.com
17219,aamat.com
17220,cinamuse.com
17221,nuance.com
17222,bezformata.ru
17223,erogamescape.dyndns.org
17224,xcams.fr
17225,aist.go.jp
17226,iconnect.co.in
17227,downloadsoftware.ir
17228,nowmusik.com
17229,chinapress.com.my
17230,admin5.com
17231,typeracer.com
17232,hentaiz.org
17233,bazz-tors.com
17234,ibtesamh.com
17235,chinesean.com
17236,th7.cn
17237,mathgoodies.com
17238,zattini.com.br
17239,tribuneindia.com
17240,truecorp.co.th
17241,qdaily.com
17242,danviet.vn
17243,alaoual.com
17244,regmovies.com
17245,pornolomka.com
17246,girlfuckshorse.net
17247,amovies.biz
17248,entropay.com
17249,jobnet.dk
17250,viperial2.com
17251,aptransport.in
17252,nosalty.hu
17253,simplyrecipes.com
17254,crackznet.com
17255,itpub.net
17256,singaporepools.com.sg
17257,inside-games.jp
17258,desimartini.com
17259,losandes.com.ar
17260,thehylia.com
17261,burning-star-soundsystem.tumblr.com
17262,bitclubnetwork.com
17263,xxxincestos.ws
17264,audioboom.com
17265,yijia1.com
17266,kiwibank.co.nz
17267,ebonypulse.tv
17268,telewizjarepublika.pl
17269,kayak.de
17270,zeroredirect8.com
17271,businessdailyafrica.com
17272,honeywell.com
17273,hockeysfuture.com
17274,jazztel.com
17275,zalando.se
17276,mistrzowie.org
17277,diendanbepdientu.com
17278,p30day.com
17279,aryion.com
17280,queerty.com
17281,u2.com
17282,mindhack2ch.com
17283,fashionizers.com
17284,easychair.org
17285,viralnova.com
17286,11185.cn
17287,emgn.com
17288,safesurfs.net
17289,leaguecraft.com
17290,mediamatters.org
17291,gerasanews.com
17292,scan.co.uk
17293,lkpp.go.id
17294,howardhanna.com
17295,ulule.com
17296,ocks.org
17297,kurogaze.io
17298,51240.com
17299,hitmeister.de
17300,soccermanager.com
17301,mom.me
17302,russkoekino.net
17303,koreanturk.com
17304,l-tike.com
17305,birminghammail.co.uk
17306,laopinion.com
17307,angryvids.com
17308,cshighlights.org
17309,pornsocket.com
17310,erecruit.co.za
17311,anyporn.net
17312,e-earphone.jp
17313,dreamincode.net
17314,torseed.net
17315,xici.net
17316,simplemost.com
17317,tucao.tv
17318,chatroulettesites.com
17319,7-11.com.tw
17320,sebrae.com.br
17321,apostrophe.ua
17322,cinemaden.com
17323,duke-energy.com
17324,virginaustralia.com
17325,fitnessblender.com
17326,flighthub.com
17327,laizquierdadiario.com
17328,game2.com.cn
17329,591.com.hk
17330,uestc.edu.cn
17331,krak.dk
17332,leumi.co.il
17333,gamezjet.com
17334,dufile.com
17335,myaccountaccess.com
17336,tabletkoulu.fi
17337,midilibre.fr
17338,ac-bordeaux.fr
17339,drugabuse.gov
17340,smiteplaybackweb.com
17341,123movies.online
17342,lamabang.com
17343,backerkit.com
17344,merca20.com
17345,liulichangchina.com
17346,hardsex8.com
17347,modares.ac.ir
17348,essada.net
17349,eddiebauer.com
17350,xat.com
17351,enpara.com
17352,zona.mobi
17353,lefaso.net
17354,ncert.nic.in
17355,wheniwork.com
17356,abc13.com
17357,ptc.com
17358,nsaem.net
17359,splunk.com
17360,reforma.com
17361,bumeran.com.ve
17362,porn-harbor.com
17363,paraguay.com
17364,postoffice.co.uk
17365,booru.org
17366,lihkg.com
17367,entea.fr
17368,intowindows.com
17369,eapplicationonline.com
17370,expertoption.com
17371,ghafla.co.ke
17372,immoral.jp
17373,studme.org
17374,310tv.com
17375,fab.com
17376,aau.dk
17377,trivago.es
17378,budget.com
17379,cdnjs.com
17380,elcomercio.es
17381,gotomypc.com
17382,inpearls.ru
17383,freemalaysiatoday.com
17384,peeplink.in
17385,imgarte.com
17386,olam.in
17387,gusto.com
17388,gymboree.com
17389,packagecontrol.io
17390,bigw.com.au
17391,gogy.com
17392,decathlon.pl
17393,processing.org
17394,macro.com.ar
17395,videa.hu
17396,notebookcheck.com
17397,gismeteo.by
17398,kavkazcenter.com
17399,zoom.lk
17400,bringmesports.com
17401,ip-tracker.org
17402,worldofsolitaire.com
17403,cmcm.com
17404,odeon.co.uk
17405,emudesc.com
17406,amiami.jp
17407,jamendo.com
17408,businessmagazin.ro
17409,zalora.com.my
17410,ipiccy.com
17411,crooksandliars.com
17412,informburo.kz
17413,talabat.com
17414,omniboxes.com
17415,samsung-updates.com
17416,bps.go.id
17417,feed-the-beast.com
17418,ivid.it
17419,getcomposer.org
17420,thenest.com
17421,ultimateclassicrock.com
17422,92fanli.com
17423,mod-minecraft.net
17424,lxax.com
17425,abu.edu.ng
17426,rexxx.com
17427,bluesnap.com
17428,ddunlimited.net
17429,allposters.com
17430,bestwestern.com
17431,babnet.net
17432,sc2playback.com
17433,digicert.com
17434,magicmaman.com
17435,blablacar.de
17436,owler.com
17437,google.bi
17438,bki.ir
17439,homebank.kz
17440,anonymouse.org
17441,teknolojioku.com
17442,komonews.com
17443,ksta.de
17444,famousfootwear.com
17445,tripit.com
17446,noreste.net
17447,ktone.cn
17448,pcfreetime.com
17449,streetdirectory.com
17450,wes.org
17451,allmyvideos.net
17452,esprit.de
17453,testmy.net
17454,gori.me
17455,shejis.com
17456,topserialy.to
17457,univ-nantes.fr
17458,bestbuy.com.mx
17459,euroki.org
17460,skinnydiplondon.com
17461,fancy.com
17462,speedyfiledownload.com
17463,olx.com.ec
17464,keysurvey.com
17465,healthyfoodhouse.com
17466,uploadbank.com
17467,nlcindia.com
17468,androidpit.fr
17469,momjunction.com
17470,suzuki.co.jp
17471,kingston.com
17472,tvguia.es
17473,parivahan.gov.in
17474,tasteofcinema.com
17475,gdzometr.ru
17476,dtvce.com
17477,milfzr.com
17478,stupeflix.com
17479,ecplaza.net
17480,yiyaojd.com
17481,hockey30.com
17482,ran.de
17483,quiz-champ.com
17484,arhivach.org
17485,orange.ro
17486,mathworksheets4kids.com
17487,araskargo.com.tr
17488,singtel.com
17489,eurosport.de
17490,freshlive.tv
17491,colourlovers.com
17492,videospornosos.com
17493,mathforum.org
17494,squallchannel.com
17495,nextlnk3.com
17496,soccerladuma.co.za
17497,utamap.com
17498,ebc.net.tw
17499,rugbyrama.fr
17500,okidoki.ee
17501,defence.pk
17502,woozworld.com
17503,cloudacl.com
17504,corporate-ir.net
17505,comparis.ch
17506,citytorrents.com
17507,mingjingnews.com
17508,1short.us
17509,ufc.br
17510,degruyter.com
17511,bplaced.net
17512,smotri-filmi.co
17513,sim3gmienphi.com
17514,evidus.com
17515,sidex.ru
17516,francehandball2017.com
17517,circleofcricket.co
17518,phncdn.com
17519,sqlservercentral.com
17520,skillprogramming.com
17521,zhiku.tmall.com
17522,morpakampus.com
17523,raagalahari.com
17524,newkajabi.com
17525,poz4.com
17526,sportsnavi.com
17527,wondershare.es
17528,fullqurandownload.com
17529,cnodejs.org
17530,splitwise.com
17531,sina.com.hk
17532,dangerousminds.net
17533,atlantico.ao
17534,madisoft.it
17535,adsino24.com
17536,zerx.co
17537,outofqueue.com
17538,1movies.tv
17539,reelvidz.com
17540,altinn.no
17541,vutbr.cz
17542,starcitygames.com
17543,youcaring.com
17544,empiricus.com.br
17545,acesse.com
17546,continuum.io
17547,cosplayjav.pl
17548,woodbrass.com
17549,gotovim-doma.ru
17550,wetpussygames.com
17551,callofduty.com
17552,blox.pl
17553,benchmarkemail.com
17554,tubeon.com
17555,fourseasons.com
17556,ontraport.com
17557,smp.ne.jp
17558,yagriga.ru
17559,dotahighlight.net
17560,jharkhand.gov.in
17561,warframe.market
17562,rds.ca
17563,c8.fr
17564,realgfporn.com
17565,sarsefiling.co.za
17566,webrankinfo.com
17567,olx.co.ke
17568,blogs.com
17569,descargadictos.co
17570,prontonetworks.com
17571,formsite.com
17572,wigetmedia.com
17573,japancats.ru
17574,michaelkors.com
17575,keep2s.cc
17576,tk.de
17577,redbookmag.com
17578,pruffme.com
17579,2lyx.com
17580,pokerstrategy.com
17581,shwemom.com
17582,passkey.com
17583,playbill.tumblr.com
17584,res-mods.ru
17585,che168.com
17586,kupindo.com
17587,huim.com
17588,mercadopago.com.ar
17589,tricolor.tv
17590,wifirst.net
17591,detroitnews.com
17592,uam.mx
17593,anime-sugoi.com
17594,tvxs.gr
17595,neznaika.pro
17596,telecontact.ma
17597,yaoichan.me
17598,dha.com.tr
17599,tc.edu.tw
17600,moovie.cc
17601,thesimpledollar.com
17602,luminate.com
17603,viks.com
17604,protv.md
17605,brisbanetimes.com.au
17606,eatthis.com
17607,bpost.be
17608,wdcj.cn
17609,cameroon-info.net
17610,zong.com.pk
17611,baykoreans.net
17612,gotceleb.com
17613,sino-sources.com
17614,onlinemschool.com
17615,tuolar.com
17616,yenibiris.com
17617,tanwanyx.com
17618,chinabm.cn
17619,h-douga.net
17620,expressjs.com
17621,paymentwall.com
17622,upstory.it
17623,leopalace21.com
17624,uvu.edu
17625,ygdy8.com
17626,nios.ac.in
17627,polycount.com
17628,vocativ.com
17629,gomtv.com
17630,7po.com
17631,igroutka.net
17632,publika.az
17633,nethouse.ru
17634,dirilisdizisi.com
17635,hoofoot.com
17636,sheffield.ac.uk
17637,squawka.com
17638,mte.gov.br
17639,jiashi.tmall.com
17640,zdonlot.in
17641,muslims4marriage.com
17642,uqu.edu.sa
17643,ti-da.net
17644,adnimo.com
17645,china-b.com
17646,pushplay.com
17647,e18ine.tumblr.com
17648,transunion.com
17649,kakuge-checker.com
17650,kansai-u.ac.jp
17651,chompchomp.com
17652,taleworlds.com
17653,thanthitv.com
17654,weeronline.nl
17655,agforex.com
17656,doridro.com
17657,iamcook.ru
17658,newrutor.org
17659,surfstitch.com
17660,vosizneias.com
17661,layarkaca21.net
17662,immigration.govt.nz
17663,dailydisclosure.com
17664,pornolandia.xxx
17665,helpguide.org
17666,northeastern.edu
17667,xn--wiki-4i9hs14f.com
17668,ridibooks.com
17669,tractorsupply.com
17670,recruit.net
17671,emag.hu
17672,eftps.gov
17673,belkin.com
17674,dlvrit.com
17675,minnano-av.com
17676,canaltech.com.br
17677,wikiversity.org
17678,bgzbnpparibas.pl
17679,4players.de
17680,initialcontroledge.info
17681,pearson-intl.com
17682,tehrankala.com
17683,epguides.com
17684,javmost.com
17685,agora-web.jp
17686,92926.com
17687,bookmeter.com
17688,aflamtorrent.com
17689,pretendyoure.xyz
17690,senecacollege.ca
17691,pc-master.jp
17692,mnogo.uz
17693,86kx.com
17694,apnaeducation.com
17695,el-murid.livejournal.com
17696,revenuehits.com
17697,playspotz.com
17698,webmath.com
17699,pearsonclinical.com
17700,dvdsreleasedates.com
17701,vh1.com
17702,asiannewsfeed.com
17703,cybercafepro.net
17704,clubensayos.com
17705,juegosdiarios.com
17706,aroma-zone.com
17707,redditmedia.com
17708,keng94.com
17709,indianxxxfilms.com
17710,yify.info
17711,kennesaw.edu
17712,calendarlabs.com
17713,uni-due.de
17714,okchicas.com
17715,uma.es
17716,businesscatalyst.com
17717,ashleyfurniturehomestore.com
17718,newpoptab.com
17719,sexyandfunny.com
17720,youtubedownloader.com
17721,purewow.com
17722,cam4ultimate.com
17723,ufc.tv
17724,vakilemelat.ir
17725,tue.nl
17726,zurnal24.si
17727,fotolog.com
17728,linio.cl
17729,17jita.com
17730,abc7news.com
17731,infobel.com
17732,myenglishpages.com
17733,tiboo.cn
17734,famousfix.com
17735,finderbird.com
17736,simplypsychology.org
17737,carls-sims-4-guide.com
17738,brookings.edu
17739,cylex.de
17740,windfinder.com
17741,onlinemoviesgold.one
17742,trueplookpanya.com
17743,zdravotvet.ru
17744,myinterfase.com
17745,ebc.com.br
17746,slideserve.com
17747,vmirechudes.com
17748,schoolwires.net
17749,skyperfectv.co.jp
17750,hongleongconnect.my
17751,real.gr
17752,qrz.com
17753,trafmag.com
17754,evolife.cn
17755,tulane.edu
17756,tau.ac.il
17757,sloppymom-666.tumblr.com
17758,autosport.com
17759,workana.com
17760,diarioinenglish.com
17761,skout.com
17762,melonbooks.co.jp
17763,pornoente.com
17764,dominos.com.au
17765,top-page.ru
17766,antena1.com.br
17767,admission-postbac.fr
17768,zalmos.com
17769,hqbabes.com
17770,servicenow.com
17771,wednet.edu
17772,f5.com
17773,kdmid.ru
17774,spin.de
17775,etecsa.net
17776,farishtheme.ir
17777,ahajournals.org
17778,tvigle.ru
17779,chinaweiyu.com
17780,capy.com
17781,momondo.ru
17782,speckyboy.com
17783,img24.org
17784,melody4arab.com
17785,freakshare.com
17786,torrentsmovies.net
17787,putlocker.com
17788,sportsreporttoday.com
17789,unesp.br
17790,mitsubishielectric.co.jp
17791,hsbc.fr
17792,urlaubspiraten.de
17793,schoo.jp
17794,anon-ib.co
17795,panasonic.co.jp
17796,maxabout.com
17797,oneshotdate.com
17798,success.com
17799,aol.fr
17800,serials.ws
17801,cod.tmall.com
17802,lolhentai.net
17803,cnpowdertech.com
17804,bb.org.bd
17805,zaim.net
17806,theladders.com
17807,auto.cz
17808,shippingeasy.com
17809,endmemo.com
17810,k12.il.us
17811,varunamultimedia.com
17812,sskm.de
17813,harianjogja.com
17814,workaway.info
17815,geliyoo.com
17816,reuters.tv
17817,epey.com
17818,jungefreiheit.de
17819,jyllands-posten.dk
17820,producteev.com
17821,loldytt.com
17822,npower.gov.ng
17823,fotocommunity.de
17824,loupak.cz
17825,nysed.gov
17826,humber.ca
17827,jeja.pl
17828,itube247.com
17829,kcm.org
17830,nba-stream.com
17831,tamilrockers.co
17832,nova.bg
17833,myauto.ge
17834,filesendsuite.com
17835,vyapam.nic.in
17836,techdata.com
17837,dressupwho.com
17838,crazyshit.com
17839,getcomics.info
17840,ru-an.info
17841,valvesoftware.com
17842,yidianzixun.com
17843,hdchina.club
17844,sp.com.sa
17845,unmundodepeliculas.com
17846,backlinko.com
17847,imgking.co
17848,fau.edu
17849,gerekeniyap.com
17850,tampabay.com
17851,viralshore.com
17852,namba.kg
17853,tipp24.com
17854,aimp.ru
17855,2ch-2.net
17856,tugoo.net
17857,sambadepaper.com
17858,sexlog.com
17859,www.gov.hk
17860,51m33.com
17861,gaymaletube.com
17862,encyclo.nl
17863,tak3da.com
17864,sayidaty.net
17865,desarrolloweb.com
17866,indiacelebrating.com
17867,5you.cc
17868,gamerescape.com
17869,freex.mobi
17870,torrid.com
17871,igg-games.co
17872,bfanet.ao
17873,backstage.com
17874,hermes.com
17875,pornoboss.tv
17876,mpesa.in
17877,cfsbcn.com
17878,game.co.za
17879,telunjuk.com
17880,mirandopeliculas.com
17881,socialmediatoday.com
17882,gogoanimeonline.com
17883,mononews.gr
17884,hentaigasm.com
17885,kttc.ru
17886,haiwainet.cn
17887,ashemaletv.com
17888,submittable.com
17889,ubitennis.com
17890,asiandate.com
17891,journaldev.com
17892,creampietubeporn.com
17893,topnews.gr
17894,flamp.ru
17895,tvkultura.ru
17896,netfind.com
17897,computeruniverse.net
17898,misstits.ru
17899,passwordsgenerator.net
17900,abrtn.pro
17901,postd.cc
17902,redis.io
17903,necta.go.tz
17904,cosmopolitan.co.uk
17905,princetonreview.com
17906,betboo113.com
17907,indiaresults.com
17908,hanjucc.com
17909,joinhandshake.com
17910,windowsitpro.com
17911,azertag.az
17912,ripoffreport.com
17913,beatsbydre.com
17914,wnyc.org
17915,sweclockers.com
17916,futalog.com
17917,livesport.ws
17918,uni-frankfurt.de
17919,studopedia.su
17920,dccard.co.jp
17921,theme.co
17922,yopriceville.com
17923,reallusion.com
17924,prohardver.hu
17925,creditsesame.com
17926,cmovieshd.com
17927,koton.com
17928,kizoa.com
17929,fcc.gov
17930,mirknig.su
17931,ammoland.com
17932,healthkart.com
17933,techslife.com
17934,mobitrk.com
17935,tetovasot.com
17936,thammyvientoanquoc.com
17937,super-birds.com
17938,online-tech-tips.com
17939,partitionwizard.com
17940,ele.me
17941,alhayat.com
17942,inuth.com
17943,atcomet.com
17944,mbaobao.tmall.com
17945,upi.edu
17946,omocoro.jp
17947,elecfans.com
17948,allinterview.com
17949,melaleuca.com
17950,beanfun.com
17951,any.do
17952,skidkaonline.ru
17953,teambition.com
17954,overheid.nl
17955,toy-people.com
17956,wwwhatsnew.com
17957,google.bt
17958,coverlettersandresume.com
17959,pubdirecte.com
17960,poemas-del-alma.com
17961,delhigovt.nic.in
17962,bz-berlin.de
17963,biglots.com
17964,ucoebanking.com
17965,mercedes-benz.com
17966,adrs.me
17967,propublica.org
17968,sageone.com
17969,peliculasrey.com
17970,freepornvs.com
17971,ventusky.com
17972,isexychat.com
17973,unina.it
17974,mmmwestafrica.com
17975,inhumanity.com
17976,serato.com
17977,fatsecret.com
17978,beeradvocate.com
17979,pedportal.net
17980,tcd.ie
17981,bowenpress.com
17982,argentino.com.ar
17983,lanouvellerepublique.fr
17984,swf.ir
17985,verizon.net
17986,lankacnews.com
17987,diendanlamdepvn.com
17988,citaty.info
17989,virginatlantic.com
17990,paisdelosjuegos.com.co
17991,hotcopper.com.au
17992,jaewinter.com
17993,hao245.com
17994,ispace1.com
17995,asagei.com
17996,ros.org
17997,pronosoft.com
17998,countryrebel.com
17999,sunlight.net
18000,clipartbest.com
18001,vanityfair.it
18002,trovit.co.in
18003,znak.com
18004,newspaperdirect.com
18005,cmu.ac.th
18006,sketchappsources.com
18007,factorio.com
18008,getcourse.ru
18009,seb.lt
18010,ctv.ca
18011,castcertificatewb.gov.in
18012,bettertv.cn
18013,tripadvisor.com.ph
18014,csgoroll.com
18015,toeic.or.jp
18016,medicitalia.it
18017,revolveclothing.co.jp
18018,13.cl
18019,soloporno.xxx
18020,kuveytturk.com.tr
18021,net-entreprises.fr
18022,pcpop.com
18023,kekenet.com
18024,betin.co.ke
18025,bancobai.ao
18026,civilan.ir
18027,versus.com
18028,dishtv.in
18029,skygate.co.jp
18030,dal.ca
18031,movistar.cl
18032,bcbay.com
18033,singsnap.com
18034,laverdad.es
18035,visual.ly
18036,zalando.ch
18037,dikti.go.id
18038,egeurok.ru
18039,cashdorado.de
18040,jword.jp
18041,aeon.co
18042,tdsb.on.ca
18043,realpage.com
18044,worldwildlife.org
18045,easyen.ru
18046,scp-wiki.net
18047,factcheck.org
18048,state.or.us
18049,playvids.com
18050,axios.com
18051,price.ru
18052,toronto.edu
18053,megawarez.org
18054,tophat.com
18055,xd.com
18056,friday.tw
18057,chalmers.se
18058,javaworld.com
18059,ezbuy.sg
18060,siamzaa.net
18061,dulfy.net
18062,tvn.pl
18063,equestriadaily.com
18064,openload-d.co
18065,madiff.xyz
18066,kadinlarkulubu.com
18067,vodlock.co
18068,ebay.nl
18069,columbia.com
18070,tmiaoo.com
18071,gp.se
18072,74.ru
18073,lnmtl.com
18074,flets-w.com
18075,j0ht0s.tumblr.com
18076,lalamoulati.net
18077,whoishostingthis.com
18078,state.mi.us
18079,przelewy24.pl
18080,k12.mi.us
18081,kinoprosmotr.tv
18082,directoalpaladar.com
18083,bestie.vn
18084,comunidades.net
18085,paperrater.com
18086,piratecity.net
18087,calendario-365.es
18088,ceder2016.info
18089,mol.fi
18090,doc4web.ru
18091,tepco.co.jp
18092,pervertslut.com
18093,bharatmatrimony.com
18094,elearningindustry.com
18095,es.gov.br
18096,kimeta.de
18097,bingtorrent.com
18098,educacion.gob.es
18099,igrat.org
18100,otanew.jp
18101,sa.edu.au
18102,pkobp.pl
18103,briefly.ru
18104,99entranceexam.in
18105,infosys.com
18106,qmp3.org
18107,phileweb.com
18108,natura.com.br
18109,myscrapnook.com
18110,pichak.net
18111,sify.com
18112,montana.edu
18113,gjirafa.com
18114,mailjet.com
18115,e-gov.go.jp
18116,gastronom.ru
18117,prensa.com
18118,macnewtech.com
18119,hlavnespravy.sk
18120,mom.gov.sg
18121,payaneh.ir
18122,testdevelocidad.es
18123,shrm.org
18124,enjoei.com.br
18125,360tv.ru
18126,1905.com
18127,donorschoose.org
18128,moguravr.com
18129,88997.com
18130,dereferer.org
18131,susutin.com
18132,ca.gov.sa
18133,beptuviet.com
18134,libertymutual.com
18135,toyotafinancial.com
18136,formulalubvi.com
18137,filmku.net
18138,brunarosso.com
18139,childrensalon.com
18140,tutorialzine.com
18141,acb.com
18142,city-bank.net
18143,empregandobrasil.com.br
18144,eldarya.fr
18145,uploadgig.com
18146,seek123.net
18147,dangbui.com
18148,allhyipmonitors.com
18149,bitshare.com
18150,gamenguide.com
18151,tremorgames.com
18152,cu.edu.eg
18153,mzifw.com
18154,netspend.com
18155,jomhouriat.ir
18156,thesmartsearch.net
18157,2chcopipe.com
18158,allabolag.se
18159,gamecity.ne.jp
18160,toyota.co.jp
18161,warmane.com
18162,dandwiki.com
18163,torrentkitty.ws
18164,pornhd4k.com
18165,dc.gov
18166,anadolucasino360.com
18167,movietickets.com
18168,iit.edu
18169,fullpeliculashd.com
18170,91.com
18171,postnl.nl
18172,turkiyehabermerkezi.com
18173,smbcnikko.co.jp
18174,superdrug.com
18175,uupload.ir
18176,realizemobicom.com
18177,bd24report.com
18178,iess.gob.ec
18179,ctrip.com.hk
18180,kurs.com.ua
18181,soufun.com
18182,digimart.net
18183,medicare.gov
18184,123dapp.com
18185,kcp.co.kr
18186,el-wlid.com
18187,worksap.co.jp
18188,trainstatus.info
18189,flyscoot.com
18190,noodletools.com
18191,spitogatos.gr
18192,wallpapers.fm
18193,nikonusa.com
18194,jia.com
18195,mp3indirdur.com
18196,tripadvisor.com.hk
18197,apkfind.com
18198,repetitors.info
18199,mxhichina.com
18200,iwannawatch.to
18201,filme-bune.net
18202,latelete.tv
18203,target.com.au
18204,paketnavigator.de
18205,computrabajo.com
18206,snipertopanime.net
18207,5156edu.com
18208,zalando.nl
18209,descopera.ro
18210,paradisehill.cc
18211,kalaydo.de
18212,dd1258.com
18213,ffonts.net
18214,superdownloads.com.br
18215,ourhappyhardcore.com
18216,tubepornup.com
18217,uniminuto.edu
18218,lavenir.net
18219,mylifetime.com
18220,turkishtv.ru
18221,kde.org
18222,paiza.jp
18223,sztaki.hu
18224,atauni.edu.tr
18225,smart-lab.ru
18226,colombia.com
18227,juooo.com
18228,vegasinsider.com
18229,seositecheckup.com
18230,intodns.com
18231,dynsrvaba.com
18232,fpsjp.net
18233,qq5.com
18234,thahpe3w.com
18235,mybrowseraddon.com
18236,chimolog.co
18237,golden-tea.com
18238,efilmy.tv
18239,subscribe.wordpress.com
18240,611music.com
18241,vpb.com
18242,shije.al
18243,degiro.nl
18244,ttsreader.com
18245,doctormalay.com
18246,mastersecrets.ru
18247,bikedekho.com
18248,oikotie.fi
18249,siska.tv
18250,cleartax.in
18251,stream-a-ams1xx2sfcdnvideo5269.cz
18252,cinemaxx.ru
18253,autoscout24.es
18254,rechargeitnow.com
18255,exeter.ac.uk
18256,metrprice.ru
18257,quanmin.tv
18258,seocheki.net
18259,nhk-ondemand.jp
18260,icq.com
18261,galsen221.com
18262,imleagues.com
18263,directlyrics.com
18264,km77.com
18265,joob24.com
18266,filmbazis.org
18267,kayhan.ir
18268,streaming-series.cc
18269,starslandings3.com
18270,racingpost.com
18271,honeyfeed.fm
18272,leagueofgraphs.com
18273,bt.no
18274,minitoon.net
18275,hegnar.no
18276,espn.in
18277,le10sport.com
18278,tradcatknight.blogspot.com
18279,qoly.jp
18280,87lou.com
18281,starafrica.com
18282,localmoxie.com
18283,ingresso.com
18284,ttdsevaonline.com
18285,cinetotal.es
18286,jetradar.com
18287,e-zone.com.hk
18288,divany.hu
18289,sojump.com
18290,indiastudychannel.com
18291,information88.com
18292,chdbits.co
18293,hsbcnet.com
18294,off.net.mk
18295,embedding.pw
18296,ice-gay.com
18297,ouac.on.ca
18298,365bugu.com
18299,etoos.com
18300,mbok.jp
18301,typescriptlang.org
18302,csgobig.com
18303,bankofbaroda.co.in
18304,screencastify.com
18305,cronista.com
18306,pocketcard.co.jp
18307,el-ahly.com
18308,99ff1.com
18309,azureedge.net
18310,diary.to
18311,share-games.com
18312,colorado.gov
18313,mistore.jp
18314,junodownload.com
18315,filedropper.com
18316,revistawho.com
18317,kochbar.de
18318,momentumdash.com
18319,naphi.co
18320,kankokunohannou.org
18321,yesasia.com
18322,korea7s.com
18323,rcfans.com
18324,ecartelera.com
18325,lostfilm.info
18326,rememberthemilk.com
18327,aci.it
18328,javhdonline.com
18329,tyden.cz
18330,blenderartists.org
18331,nh87.cn
18332,entmip.fr
18333,hugoboss.com
18334,meiku.in
18335,camp-fire.jp
18336,inegi.org.mx
18337,acomics.ru
18338,cnnamador.com
18339,printfriendly.com
18340,prehrajto.cz
18341,moddingway.com
18342,persianscript.ir
18343,glavbukh.ru
18344,filfan.com
18345,jobs.nhs.uk
18346,countnews.com
18347,zhibowu.com
18348,buybuybaby.com
18349,claro.com.ar
18350,6a.com
18351,doctoroz.com
18352,theinitium.com
18353,politis.com.cy
18354,dzsexy.biz
18355,el.gr
18356,track-trace.com
18357,010bcd.com
18358,365yg.com
18359,mtv.com.lb
18360,asep.gr
18361,sharpschool.com
18362,estrenosdoramas.org
18363,lumendatabase.org
18364,subtitleseeker.com
18365,irbazdid.com
18366,popcat.ru
18367,hopkinsmedicine.org
18368,ahoy.one
18369,preloved.co.uk
18370,phica.net
18371,strauss-water-campaign.co.il
18372,imgfarm.com
18373,targetjobs.co.uk
18374,gozooms.com
18375,xtraaa.com
18376,borda.ru
18377,rapupdate.de
18378,subaru.jp
18379,xapads.com
18380,alhilal.com
18381,vm.ru
18382,ketabesabz.com
18383,vcg.com
18384,dfs.com
18385,midohouse.tmall.com
18386,pichau.com.br
18387,dietingnfitness.com
18388,moh.gov.sa
18389,newstatesman.com
18390,dur.ac.uk
18391,ashiyane.org
18392,mister-auto.com
18393,qpdownload.com
18394,europepmc.org
18395,uni.edu
18396,pasionfutbol.com
18397,agendaweb.org
18398,assabeel.net
18399,elkjop.no
18400,ebiblioteca.org
18401,relizua.com
18402,animok.tv
18403,bbci.co.uk
18404,80s.tw
18405,megahdporno.com
18406,capitalonecardservice.ca
18407,openload.cc
18408,pcsc.com.tw
18409,vente-du-diable.com
18410,wonderopolis.org
18411,itc.ua
18412,sinica.edu.tw
18413,lyg1.com
18414,moneywise411.com
18415,searchyff.com
18416,importantindia.com
18417,hotoffer2017.com
18418,infopanel.asia
18419,bancopatagonia.com.ar
18420,11news.ir
18421,piraeusbank.gr
18422,airbnb.co.in
18423,hanatour.com
18424,calvin.edu
18425,top1porn.com
18426,serverdata.net
18427,bladeandsoul.com
18428,akamai.net
18429,checkfreeweb.com
18430,hitfilm.com
18431,babycentre.co.uk
18432,elreyx.com
18433,maltatoday.com.mt
18434,thaqfny.com
18435,noredink.com
18436,sky.com.br
18437,vmuzice.com
18438,kfupm.edu.sa
18439,anilos.com
18440,labioguia.com
18441,lyricsbeet.com
18442,mubi.com
18443,ytsyify.com
18444,noormags.ir
18445,meh.com
18446,icooon-mono.com
18447,telestream.net
18448,mgsm.pl
18449,peelschools.org
18450,medion.com
18451,thenewsminute.com
18452,ac-montpellier.fr
18453,adroll.com
18454,urbia.de
18455,missguidedus.com
18456,ten-navi.com
18457,chemicalbook.com
18458,whisper.sh
18459,elephantjournal.com
18460,movistar.com.ve
18461,flv2mp3.org
18462,viaplay.se
18463,independent.com.mt
18464,justgetflux.com
18465,saramad.ir
18466,parwise.de
18467,booksky.org
18468,sexytales.org
18469,firefan.com
18470,redgiant.com
18471,tu-chemnitz.de
18472,porndoepremium.com
18473,easybytez.com
18474,tv.nu
18475,optum.com
18476,akhbarakalyom.com
18477,confused.com
18478,naver.me
18479,endesaclientes.com
18480,jollychic.com
18481,allrussian.info
18482,xml-sitemaps.com
18483,vshkole.com
18484,xbfk51p7.review
18485,slovenskenovice.si
18486,mac-torrents.com
18487,amadershomoy.biz
18488,akismet.com
18489,shsxjy.com
18490,beautybay.com
18491,colourbox.com
18492,insidegov.com
18493,al3omk.com
18494,rude.com
18495,lcsd.gov.hk
18496,hawaalive.com
18497,1clickforward.net
18498,storebt.com
18499,couponcabin.com
18500,turner.com
18501,wetter.at
18502,sears.ca
18503,metlife.com
18504,wanikani.com
18505,iciciprulife.com
18506,eeyy.com
18507,ksrtc.in
18508,yousee.dk
18509,atkmodels.com
18510,opodo.fr
18511,xn--80aacbuczbw9a6a.xn--p1ai
18512,premierdownloadmanager.com
18513,wangpansou.cn
18514,bepthiencam.com
18515,seoclerks.com
18516,chas.tv
18517,watchuseek.com
18518,deutschlandfunk.de
18519,sun-sentinel.com
18520,googleoutlook.com
18521,ebay.ch
18522,alibris.com
18523,superonline.net
18524,bitstamp.net
18525,ucas.ac.cn
18526,investireoggi.it
18527,fasttoss.com
18528,tuttoandroid.net
18529,guitarworld.com
18530,uchim.org
18531,doubleclick.com
18532,tripadvisor.com.sg
18533,salefiles.com
18534,colorzilla.com
18535,doshisha.ac.jp
18536,24chasa.bg
18537,ganghuigou.com.cn
18538,myfico.com
18539,siamzone.com
18540,telecomreseller.com
18541,elitmus.com
18542,porngrace.com
18543,kiji.is
18544,globalbrandsmagazine.com
18545,jsonline.com
18546,sympa-sympa.com
18547,toroporno.com
18548,nvidia.co.jp
18549,newepisodes.me
18550,freemovieonline.ws
18551,accesstrade.net
18552,jmu.edu
18553,filmpertutti.film
18554,hdvidz.in
18555,getsurl.com
18556,gamer-mods.ru
18557,swirled-heart.tumblr.com
18558,webcg.net
18559,kinokong.biz
18560,lawson.co.jp
18561,webfail.com
18562,elgiganten.se
18563,careerqihang.com
18564,assembla.com
18565,gismeteo.lt
18566,heftig.de
18567,js-cdn.com
18568,lottomatica.it
18569,themusicz.com
18570,k12.ma.us
18571,publicdomainpictures.net
18572,sdmoviespoint.com
18573,mayoclinic.com
18574,netwerk24.com
18575,crabsecret.tmall.com
18576,ala.org
18577,hsw.cn
18578,sutterhealth.org
18579,123doc.org
18580,gaytube.com
18581,randyblue.com
18582,montepio.pt
18583,coolermaster.com
18584,milannews.it
18585,reddressboutique.com
18586,oocities.org
18587,decider.com
18588,zb588.cn
18589,550909.com
18590,post.at
18591,eska.pl
18592,trivago.it
18593,universalorlando.com
18594,smartisan.com
18595,meilleuremutuelle.xyz
18596,xakep.ru
18597,garbarino.com
18598,arbitersports.com
18599,myjobmag.com
18600,sputnik.az
18601,holybible.or.kr
18602,leetchi.com
18603,santandernetibe.com.br
18604,fanou.tmall.com
18605,itsme247.com
18606,tiger-algebra.com
18607,fuckthathussy.com
18608,haodou.com
18609,langitmusik.co
18610,valueresearchonline.com
18611,baixedetudo.net
18612,ucd.ie
18613,supremenewyork.com
18614,zalando-lounge.de
18615,jeuxonline.info
18616,adpopc07.com
18617,ulub.pl
18618,lompat.in
18619,urbanladder.com
18620,allevents.in
18621,k12.va.us
18622,xjtu.edu.cn
18623,zanichelli.it
18624,sims3pack.ru
18625,ittoolbox.com
18626,remolacha.net
18627,adsmarket.com
18628,grammarcheck.net
18629,ok4ddelaj.ru
18630,askvg.com
18631,pillsbury.com
18632,cmegroup.com
18633,bankmelli-iran.com
18634,living.al
18635,tribuneonlineng.com
18636,telenor.no
18637,meteoinfo.ru
18638,nec.co.jp
18639,alahlynet.com.eg
18640,panda.com.sa
18641,mofa.gov.sa
18642,z-shadow.co
18643,resourcepack.net
18644,autoanything.com
18645,carbonmade.com
18646,netdoctor.co.uk
18647,flamite.com
18648,gaadi.com
18649,cryptocoinsnews.com
18650,netatmo.com
18651,fuwo.com
18652,aimer.tmall.com
18653,nrg.co.il
18654,atlassian.io
18655,colg.cn
18656,nysc.org.ng
18657,twenga.fr
18658,flashscore.de
18659,linguee.com.br
18660,megaessays.com
18661,nastol.com.ua
18662,goalbetint.com
18663,blueshieldca.com
18664,lge.com
18665,javur.com
18666,netmums.com
18667,exclusive.mk
18668,damage0.com
18669,socrative.com
18670,irbroker.com
18671,ticksy.com
18672,getfireshot.com
18673,nenkin.go.jp
18674,capella.edu
18675,aysha.com.tr
18676,damnlol.com
18677,izismile.com
18678,stitcher.com
18679,pornhd3x.net
18680,streamlord.com
18681,yenicaggazetesi.com.tr
18682,bookvoed.ru
18683,recipesfinder.com
18684,sobaidupan.com
18685,almsaeedstudio.com
18686,serials.be
18687,lapelotona.com
18688,unvan.az
18689,bluelight.org
18690,bulletproof.com
18691,sabacloud.com
18692,quelle.ru
18693,healthcentral.com
18694,sepakbola.com
18695,nayaritenlinea.mx
18696,logitheque.com
18697,aldi.us
18698,lifeder.com
18699,ky.gov
18700,golfchannel.com
18701,bleedingcool.com
18702,cliti.com
18703,banglatribune.com
18704,liskul.com
18705,okairos.gr
18706,hikvision.com
18707,linux.org.ru
18708,lidl-hellas.gr
18709,texashillcountry.com
18710,geoguessr.com
18711,ofweek.com
18712,hortonworks.com
18713,mondo.rs
18714,uploadvr.com
18715,indiatvnews.com
18716,rasmussen.edu
18717,padrepauloricardo.org
18718,thelogicalindian.com
18719,playok.com
18720,apkplz.com
18721,moko.cc
18722,fpl.com
18723,androeed.ru
18724,croco.site
18725,filetender.com
18726,tomica.ru
18727,daveramsey.com
18728,zive.sk
18729,srbijadanas.com
18730,downace.com
18731,naoacredito.com.br
18732,youngchina.cn
18733,forumdaily.com
18734,optimizilla.com
18735,italist.com
18736,zzcartoon.com
18737,sparkasse.de
18738,customercarenet.com
18739,vogella.com
18740,herehard.tv
18741,educamaisbrasil.com.br
18742,doujin-th.com
18743,bepdientuviet.com
18744,oko-planet.su
18745,geek-nose.com
18746,ordnet.dk
18747,bangumi.tv
18748,mris.com
18749,nationalgeographic.org
18750,torrentsgames.org
18751,watchwrestling.uno
18752,lolmania.pl
18753,topjobs.lk
18754,tabletwise.com
18755,membean.com
18756,itresan.com
18757,looti.net
18758,yaencontre.com
18759,t-mobilebankowe.pl
18760,12315.com
18761,ladies.de
18762,proflowers.com
18763,okeydating.com
18764,cocubes.com
18765,dotpay.pl
18766,gazetawroclawska.pl
18767,movietvtechgeeks.com
18768,fkgou.com
18769,amulyam.in
18770,blockvalue.com
18771,cars.bg
18772,gogoblog.tw
18773,small-games.info
18774,yahoo-traveltw.tumblr.com
18775,thebeast.tmall.com
18776,wisegeek.com
18777,onstove.com
18778,gamepress.gg
18779,netonnet.se
18780,9876fhj.com
18781,infocif.es
18782,webexconnect.com
18783,tizianafausti.com
18784,gong.bg
18785,primelocation.com
18786,kisspornmovies.com
18787,boss.az
18788,qqnz.com
18789,ou3285291.ru
18790,waptrick.com
18791,citromail.hu
18792,impiego24.it
18793,ffilms.org
18794,hrdiscussion.com
18795,carrefour.com.br
18796,omron.co.jp
18797,oovoo.com
18798,jetztspielen.de
18799,picclick.ca
18800,readwritethink.org
18801,dailytrust.com.ng
18802,workingatbooking.com
18803,prodigygame.com
18804,flixbus.com
18805,simple.com
18806,2ici.com
18807,eprice.com.hk
18808,up07.net
18809,veritas.com
18810,gapcanada.ca
18811,hloom.com
18812,nicequest.com
18813,ymlp.com
18814,openvpn.net
18815,angrypatriotmovement.com
18816,ilivid.com
18817,anghami.com
18818,yatirimyeri.com
18819,claro.com.co
18820,modesens.com
18821,linshitasks.tmall.com
18822,cinemaindo.web.id
18823,clasicooo.com
18824,gamea.co
18825,native-english.ru
18826,click.ir
18827,hotclips24.com
18828,ng.ru
18829,arenabg.ch
18830,unito.it
18831,mindmup.com
18832,qj.com.cn
18833,inpost.pl
18834,geekandsundry.com
18835,indulgy.com
18836,semi168.xyz
18837,imobiliare.ro
18838,3987.com
18839,relaxbanking.it
18840,targetstudy.com
18841,anime-ultime.net
18842,ratingcero.com
18843,economiematin.fr
18844,netspor11.tv
18845,cbox.ws
18846,aqa.org.uk
18847,ncix.com
18848,genvideos.com
18849,holdlakh.com
18850,istripper.com
18851,bigbangempire.com
18852,onepiece-tube.com
18853,uni-stuttgart.de
18854,avangard.ru
18855,tododvdfull.com
18856,airbank.cz
18857,uclouvain.be
18858,farming2015mods.com
18859,maxmodels.pl
18860,usyd.edu.au
18861,toneden.io
18862,salliemae.com
18863,hi-news.ru
18864,caringbridge.org
18865,omaha.com
18866,minitab.com
18867,proudcons.com
18868,argos.ie
18869,ucar.edu
18870,pu.go.id
18871,bootply.com
18872,youniqueproducts.com
18873,celebritynetworth.com
18874,abcmagazine.pro
18875,irokotv.com
18876,asivaespana.com
18877,snapfish.com
18878,lazymor.com
18879,nurxxx.mobi
18880,wishe.net
18881,videocrot.org
18882,bdsola.com
18883,tweakbit.com
18884,tpu.ru
18885,inspiredtaste.net
18886,heydl.com
18887,complaintboard.in
18888,oneopinion.com
18889,fangraphs.com
18890,klex.ru
18891,gameslol.net
18892,a1.ro
18893,papajogos.com.br
18894,frtyh.com
18895,mariogames.be
18896,mundogaturro.com
18897,firefox.com
18898,stream-tv2.to
18899,gekiyaku.com
18900,chat-avenue.com
18901,gettyimages.fr
18902,hqxxxmovies.com
18903,japanmusic.ir
18904,cryptocompare.com
18905,chobirich.com
18906,flyuia.com
18907,wheretowatch.com
18908,casenex.com
18909,getgo123.com
18910,asiatvdrama.com
18911,unnes.ac.id
18912,freeform.go.com
18913,websitewelcome.com
18914,eumed.net
18915,shortnews.de
18916,poptropica.com
18917,uni-freiburg.de
18918,track788.com
18919,thinkworld.com.cn
18920,espana-diario.es
18921,ticketmaster.ca
18922,logomaker.com
18923,bricoprive.com
18924,ulb.ac.be
18925,searchmab.com
18926,dxomark.com
18927,onepiece-naruto.com
18928,onegreenplanet.org
18929,ecanadanepal.com
18930,raptorrents.com
18931,nikki.ne.jp
18932,atavi.com
18933,dodge.com
18934,datadoghq.com
18935,intouchweekly.com
18936,bankcardservices.co.uk
18937,naughtymachinima.com
18938,bme.hu
18939,blogdecine.com
18940,offnews.bg
18941,lausd.net
18942,shafaf.ir
18943,reflex.cz
18944,postieri.net
18945,semantic-ui.com
18946,themelock.com
18947,thecinebay.com
18948,solostocks.com
18949,hispashare.com
18950,clickhole.com
18951,embarcadero.com
18952,mydlink.com
18953,text-lyrics.ru
18954,despegar.com.mx
18955,instantstreetview.com
18956,peda.net
18957,cib.com.cn
18958,math-aids.com
18959,77mh.com
18960,ajkrls.com
18961,customerhub.net
18962,bpd.com.do
18963,trithucvn.net
18964,gamecopyworld.click
18965,redcross.org
18966,androidheadlines.com
18967,batsa.me
18968,zonaleros.net
18969,zentravel.cn
18970,wageworks.com
18971,1channel.ch
18972,arbresh.info
18973,warsawshopping.info
18974,ymtracking.com
18975,solarwinds.com
18976,right.com.cn
18977,lush.com
18978,lesprimairescitoyennes.fr
18979,pinkdino.com
18980,wwitv.com
18981,moqups.com
18982,trendnova.nl
18983,teltarif.de
18984,dayjob.com
18985,6abc.com
18986,anshuibao.tmall.com
18987,abc7ny.com
18988,gazetadopovo.com.br
18989,whitexxxtube.com
18990,fundsindia.com
18991,disney.es
18992,hackaday.io
18993,baisihan.tmall.com
18994,adinehbook.com
18995,zbrushcentral.com
18996,legendsdigitaltv.com
18997,hd21.com
18998,australiahop.com
18999,posttoday.com
19000,sitescout.com
19001,verticalresponse.com
19002,payline.com
19003,sigraitesnami.com
19004,exportersindia.com
19005,travian.com
19006,libero.pe
19007,stylewe.com
19008,cam4ads.com
19009,starsue.net
19010,clickmagick.com
19011,softwareadvice.com
19012,gr8musik.com
19013,blanca.com.cn
19014,techbargains.com
19015,tiendeo.com
19016,sungress.com
19017,lojadomecanico.com.br
19018,carsguide.com.au
19019,ce.cn
19020,vinescope.com
19021,oximall.com
19022,driveprontube.com
19023,xreferat.com
19024,urod.ru
19025,0476vip.com
19026,bergdorfgoodman.com
19027,mcgrp.ru
19028,yeptube.com
19029,areavip.com.br
19030,businessnews.com.tn
19031,panika.be
19032,ladylike.gr
19033,mensjournal.com
19034,chengshe.tmall.com
19035,designshack.net
19036,office.co.uk
19037,brownells.com
19038,ozon.travel
19039,300mbmovies4u.net
19040,feifeibt.com
19041,goldenglobes.com
19042,abw.by
19043,tianqi.com
19044,startjuno.com
19045,istoe.com.br
19046,deccanherald.com
19047,tcyonline.com
19048,almodon.com
19049,yidio.com
19050,betboo231.com
19051,rapidvideo.org
19052,reading.ac.uk
19053,pkstep.com
19054,muzisoft.com
19055,oneurope.info
19056,sscwr.net
19057,everbuying.net
19058,gosi.gov.sa
19059,giangna.com
19060,enagames.com
19061,sovets.net
19062,cuantocabron.com
19063,nkljd88.com
19064,rastaneko-blog.com
19065,nontondramamu.com
19066,directindustry.com
19067,tabify.io
19068,epfoservices.in
19069,worldstaruncut.com
19070,joboutlook.in
19071,curtin.edu.au
19072,playpcesor.com
19073,windrawwin.com
19074,agoraguenta.com
19075,filmux.org
19076,gpacalculator.net
19077,ftiku.com
19078,edostavka.ru
19079,wochou8.com
19080,univ-amu.fr
19081,genymotion.com
19082,zichen.tmall.com
19083,royalrosegq.tmall.com
19084,beyondmenu.com
19085,mmg.fi
19086,utm.edu
19087,ufrj.br
19088,site-ym.com
19089,jobmail.co.za
19090,hdxxx.me
19091,ynetnews.com
19092,topperlearning.com
19093,moneycrashers.com
19094,motogp.com
19095,mintvine.com
19096,vistaprint.fr
19097,famulei.com
19098,lifesitenews.com
19099,ek.ua
19100,worldometers.info
19101,brandongaille.com
19102,ecoonline.ir
19103,byjus.com
19104,sharecare.com
19105,cat.com
19106,vop.co.kr
19107,cdrwx.cn
19108,utsa.edu
19109,modanisa.com
19110,kidsnet.cn
19111,adguard.com
19112,118712.fr
19113,finnair.com
19114,appnee.com
19115,etmall.com.tw
19116,riken.jp
19117,correiobraziliense.com.br
19118,webmaster-gratuit.com
19119,dizist1.com
19120,fuckyeahwomenfilmdirectors.tumblr.com
19121,worldtimeserver.com
19122,podnapisi.net
19123,yifytorrent.xyz
19124,timeweb.ru
19125,onepromocode.com
19126,forumias.com
19127,comfy.ua
19128,cam4.biz
19129,flalottery.com
19130,readli.net
19131,stitchfix.com
19132,ricoh.com
19133,bittorrent.am
19134,javbus5.com
19135,buzz.ie
19136,ahref.co
19137,nsfc.gov.cn
19138,myunidays.com
19139,wpbakery.com
19140,wegotthiscovered.com
19141,tvplusnewtabsearch.com
19142,spacebattles.com
19143,cl.ly
19144,zalo.me
19145,universeseries.org
19146,thequint.com
19147,pubmatic.com
19148,cakephp.org
19149,transfermarkt.it
19150,unionpeer.org
19151,c5game.com
19152,shashidthakur23.wordpress.com
19153,popularenlinea.com
19154,tuttojuve.com
19155,iemoji.com
19156,bashan.com
19157,ncrypt.in
19158,appinn.com
19159,smmplanner.com
19160,bpinet.pt
19161,bonas.tmall.com
19162,singaporeanbiz.com
19163,programgo.com
19164,goodlife.tw
19165,tucarro.com.co
19166,electrodepot.fr
19167,topserialy.sk
19168,photofacefun.com
19169,wenkang.cn
19170,fishmpegs.com
19171,livescore.cz
19172,web-work.in
19173,buyma.us
19174,tournamentsoftware.com
19175,gamecopyworld.eu
19176,steemit.com
19177,pcplus.ca
19178,siamhahe.com
19179,samcart.com
19180,ewirn45.com
19181,uploading.site
19182,diakov.net
19183,seterra.com
19184,bicaps.net
19185,ganool.li
19186,insaathaberim.com
19187,hs-manacost.ru
19188,rojgarresult.com
19189,portalgaruda.org
19190,intechopen.com
19191,9966.org
19192,bluenile.com
19193,bell.net
19194,ahlyeg.com
19195,kimhiro.tmall.com
19196,konkur.in
19197,popxo.com
19198,thebetterindia.com
19199,assistirvideo.com
19200,unitpay.ru
19201,treasury.gov
19202,gjoyz.co
19203,holidayiq.com
19204,nextshark.com
19205,navixsport.com
19206,uni-lj.si
19207,metabomb.net
19208,profitreplicatorapp.com
19209,psnine.com
19210,oakley.com
19211,risovach.ru
19212,cagesideseats.com
19213,godomp3.com
19214,shell.com
19215,investorvillage.com
19216,ibigdan.livejournal.com
19217,gilabola.com
19218,kintera.org
19219,ptt01.cc
19220,haodf.com
19221,nowwatchtvlive.co
19222,btopenzone.com
19223,amoma.com
19224,amebaownd.com
19225,eldorar.com
19226,amway.ru
19227,bluemediafiles.com
19228,mibet.com
19229,sobhetehran.com
19230,officerakuten.sharepoint.com
19231,sai-zen-sen.jp
19232,portaldoempreendedor.gov.br
19233,spa.gov.my
19234,apowersoft.jp
19235,footofan.com
19236,etoday.co.kr
19237,cartoon3rbi.net
19238,allacronyms.com
19239,cdict.net
19240,headspace.com
19241,zenius.net
19242,feelunique.com
19243,auto-service.de
19244,tv-novosti.ru
19245,lynk.my
19246,aliceadsl.fr
19247,lvmama.com
19248,lpsg.com
19249,whmcs.com
19250,kku.ac.th
19251,questgpt.info
19252,drwindows.de
19253,truckdriverjobsinamerica.com
19254,promodescuentos.com
19255,lika-online.com
19256,taker.im
19257,mombaby.tw
19258,sawyoo.com
19259,plug.dj
19260,myer.com.au
19261,ufpr.br
19262,timescar.jp
19263,tjzzcb.com
19264,lekkeregerechten.nl
19265,sexswya.com
19266,fniwna.com
19267,catdumb.com
19268,jiangnanguyun.tmall.com
19269,insidehighered.com
19270,chinalucky8.com
19271,programme-television.org
19272,momxson.com
19273,jinpaidang.com
19274,kukahome.tmall.com
19275,mirkvartir.ru
19276,blue-tomato.com
19277,wallpaperscraft.ru
19278,vegascreativesoftware.com
19279,papermag.com
19280,bpergroup.net
19281,euro-football.ru
19282,lerablog.org
19283,subaru.com
19284,pv-mall.com
19285,letfap.com
19286,futbolecuador.com
19287,namakstan.ir
19288,mlaib.com
19289,stylelovely.com
19290,adidas.fr
19291,expensify.com
19292,thecaller.gr
19293,preferred.tech
19294,star.gr
19295,turbofuture.com
19296,magacat.com
19297,eallnepal.com
19298,kuantokusta.pt
19299,celebsroulette.com
19300,centris.ca
19301,virtualtourist.com
19302,toprightnews.com
19303,ketabnak.com
19304,hipmunk.com
19305,iqsu.cn
19306,6rvewc.top
19307,yugioh-card.com
19308,vestiairecollective.com
19309,btku.org
19310,orsay.com
19311,livesport.cz
19312,fon.com
19313,megafilmes.org
19314,fapvid.com
19315,mycard520.com.tw
19316,wgntv.com
19317,fltrade.com
19318,getwsodo.com
19319,apastyle.org
19320,singaporemusicguide.com
19321,vw.com
19322,psaxdp.com
19323,foody.vn
19324,magnetdl.com
19325,c9users.io
19326,telnavi.jp
19327,tradecarview.com
19328,forsakringskassan.se
19329,sobatdrama.net
19330,movistar.com.ar
19331,myownmeeting.com
19332,perfektdamen.eu
19333,pann-choa.blogspot.com
19334,rumorsfeed.com
19335,biginterview.com
19336,finevids.xxx
19337,huaweidevice.co.in
19338,doublecash.me
19339,traveltriangle.com
19340,uwm.edu
19341,auctiva.com
19342,noticiasdatv.uol.com.br
19343,ihotelier.com
19344,thebump.com
19345,bigo.tv
19346,vanessahogan.tmall.com
19347,trovit.com.br
19348,osapublishing.org
19349,fom.global
19350,iau-tnb.ac.ir
19351,kleinezeitung.at
19352,pastelin.com
19353,zhaoshangbao.com
19354,gulf-times.com
19355,xxxjapanesemovies.com
19356,cmoa.jp
19357,mashrou7.com
19358,armslist.com
19359,jennifertaylor.tmall.com
19360,onlinemeetingnow.com
19361,jenkins-ci.org
19362,shunvmall.com
19363,ufx.com
19364,k12.sc.us
19365,uncommongoods.com
19366,searchtp.com
19367,positivr.fr
19368,ikoreantv.com
19369,idg.se
19370,steamcn.com
19371,lesportsaccx.tmall.com
19372,fashionbeans.com
19373,par30dl.com
19374,nccohio.org
19375,taiwan17go.com
19376,ttnet.com.tr
19377,aqstream.com
19378,penize.cz
19379,vancouversun.com
19380,jetplayz.com
19381,newsobserver.com
19382,flavorwire.com
19383,rond.ir
19384,wright.edu
19385,yes-news.com
19386,icai.nic.in
19387,carandbike.com
19388,vsnp.net
19389,jees-jlpt.jp
19390,trainman.in
19391,dota2.net
19392,trovit.es
19393,kora-live.tv
19394,shamela.ws
19395,creativesrv.com
19396,geopostcodes.com
19397,influenster.com
19398,pdf-convert.co
19399,xmu.edu.cn
19400,chomanga.com
19401,calvinklein.com
19402,9c9v.com
19403,wenku1.com
19404,cqhot.cn
19405,deutschebahn.com
19406,e96.ru
19407,feger.tmall.com
19408,kdnuggets.com
19409,bollywoodlover.com
19410,dailyshincho.jp
19411,roundrockisd.org
19412,yoosure.com
19413,educacionenred.pe
19414,watch-series.xyz
19415,pics.livejournal.com
19416,fridaymarket.com
19417,clip2net.com
19418,citigroup.com
19419,ptrack1.com
19420,ihyx.com
19421,qigege.tmall.com
19422,bget.ru
19423,baharnews.ir
19424,atlaskhabar.ir
19425,hyxhqzx.tmall.com
19426,pt.wix.com
19427,juegosjuegos.com
19428,planetfitness.com
19429,downloadvideosfrom.com
19430,ahcdn.com
19431,narvii.com
19432,222nf.com
19433,truste.com
19434,searchinfast.com
19435,top-tor.org
19436,bmw.de
19437,driver.ru
19438,xmind.net
19439,wanyeyou.net
19440,seobook.com
19441,joysporn.com
19442,enbywitch.tumblr.com
19443,cnmo.com
19444,yoursites123.com
19445,japan-whores.com
19446,android.com.pl
19447,penguinrandomhouse.com
19448,revjob.com
19449,evike.com
19450,eclinicalweb.com
19451,vivaldi.com
19452,psychologies.ru
19453,5278.mobi
19454,cafonline.com
19455,navigator.az
19456,careerone.com.au
19457,qinbei.com
19458,moyareklama.ru
19459,yes24.vn
19460,hdmoviesmaza.mobi
19461,oray.com
19462,onlinesalespro.com
19463,imagefruit.com
19464,mp3songx.com
19465,honmotakeshi.com
19466,istartpageing.com
19467,buysub.com
19468,edigital.hu
19469,hispasonic.com
19470,gamexperience.net
19471,lada.ru
19472,keyman.or.jp
19473,diariouno.com.ar
19474,singaporenewsblog.com
19475,compuzone.co.kr
19476,qpic.cn
19477,tec.mx
19478,lotterysambad.com
19479,oldi.ru
19480,hdpornt.com
19481,vidaextra.com
19482,book118.com
19483,taxslayer.com
19484,html-color-codes.info
19485,swansonvitamins.com
19486,toroadvertisingmedia.com
19487,ubaldi.com
19488,dellin.ru
19489,nccu.edu.tw
19490,easybitcoinfaucet.com
19491,sicredi.com.br
19492,61.com
19493,48videodouga.net
19494,doseries.com
19495,audiomack.com
19496,capsulecrm.com
19497,kulaty.ru
19498,revolvy.com
19499,bpb.de
19500,regard.ru
19501,hienzo.com
19502,fender.com
19503,file-minecraft.com
19504,writersdigest.com
19505,secure-booker.com
19506,raffaello-network.com
19507,ddlvalley.cool
19508,nontonfilm77.com
19509,ednet.ns.ca
19510,vfsvisaonline.com
19511,ozy.com
19512,umsystem.edu
19513,facile.it
19514,liveupdate45678safesystems.club
19515,aftershock.news
19516,verif.com
19517,sgamer.com
19518,getdrip.com
19519,vietbf.com
19520,usaid.gov
19521,eldarya.es
19522,porn00.org
19523,unistra.fr
19524,libertywritersnews.com
19525,lifeway.com
19526,sextrader.co.za
19527,cfainstitute.org
19528,trovit.fr
19529,augsburger-allgemeine.de
19530,drochunov.net
19531,scotch-soda.com
19532,wpi.edu
19533,bezuzyteczna.pl
19534,botanical-online.com
19535,philippineairlines.com
19536,ameriprise.com
19537,parship.de
19538,loipinel.net
19539,pln.co.id
19540,aafp.org
19541,ana.ir
19542,celcom.com.my
19543,avea.com.tr
19544,register.com
19545,swimoutlet.com
19546,infokusi.com
19547,duxiu.com
19548,ninja.co.jp
19549,beastiegals.com
19550,aventertainments.com
19551,windows-movie-maker.org
19552,pcfactory.cl
19553,wrestlingreviews.net
19554,dejure.org
19555,loopy.ru
19556,seehd.se
19557,umanitoba.ca
19558,timesofoman.com
19559,gamesindustry.biz
19560,babyhome.com.tw
19561,nordea.dk
19562,nycenet.edu
19563,waybig.com
19564,soundclick.com
19565,liderendeportes.com
19566,qdmm.com
19567,syndicatebank.in
19568,unifi.it
19569,radio.com
19570,credem.it
19571,baccredomatic.com
19572,bilyoner.com
19573,injustice.com
19574,bulaimei.tmall.com
19575,milesplit.com
19576,xctraffic.com
19577,chemistwarehouse.com.au
19578,lightxxxtube.com
19579,trophymanager.com
19580,loudwire.com
19581,bddatabase.net
19582,adultdvdtalk.com
19583,dbonline.jp
19584,prive.al
19585,cpu-world.com
19586,videoplane.net
19587,appbako.com
19588,bgeneral.com
19589,gazetaprawna.pl
19590,pebx.pl
19591,blackboxrepack.com
19592,cool-style.com.tw
19593,qlwb.com.cn
19594,film21terbaru.org
19595,javhd.pro
19596,foot01.com
19597,webnoviny.sk
19598,bettilt2.com
19599,steamanalyst.com
19600,wdrb.com
19601,sbro.me
19602,61.com.tw
19603,exchange-rates.org
19604,china.org.cn
19605,eventcinemas.com.au
19606,elte.hu
19607,nationaldaycalendar.com
19608,btba.com.cn
19609,sport.ua
19610,freekaamaal.com
19611,videocardbenchmark.net
19612,7a.com.cn
19613,crocotube.com
19614,rushlimbaugh.com
19615,nregade3.nic.in
19616,dietnavi.com
19617,erstebank.hu
19618,kudago.com
19619,hoff.ru
19620,sissiweb.it
19621,aport.ru
19622,almaghreb24.com
19623,whatsmydns.net
19624,keyforporn.com
19625,cozzy.tmall.com
19626,sony.co.in
19627,brit-method.com
19628,qwertyoruiop.com
19629,conrad.fr
19630,newvision.co.ug
19631,qhit.net
19632,uniprot.org
19633,examine.com
19634,mrooms3.net
19635,teepublic.com
19636,csgoempire.com
19637,bookz.ru
19638,51nb.com
19639,flysas.com
19640,cleverreach.com
19641,animeindo.id
19642,tatamotors.com
19643,881903.com
19644,israelpost.co.il
19645,albayan.ae
19646,gamechosun.co.kr
19647,3star88.net
19648,public.fr
19649,zapmeta.ng
19650,epidemicsound.com
19651,belgacom.be
19652,kwsp.gov.my
19653,pantone.com
19654,airbnb.co.kr
19655,lacoste.com
19656,gq-magazine.co.uk
19657,betterhdporn.com
19658,shockwave.com
19659,ping.eu
19660,torrent-finder.info
19661,monitor.net.ru
19662,york.ac.uk
19663,fnd.to
19664,picsee.net
19665,momtubeporn.xxx
19666,ufanet.ru
19667,kayak.es
19668,znaj.ua
19669,nvi.gov.tr
19670,naekranie.pl
19671,counterpunch.org
19672,freeconferencecall.com
19673,antaranews.com
19674,plot.ly
19675,s-meetmeanywhere.com
19676,wordsinasentence.com
19677,google.td
19678,tieba.com
19679,cb2.com
19680,tvp.info
19681,simsvip.com
19682,trackster.org
19683,mdzol.com
19684,yemek.com
19685,hdroom.xxx
19686,simpsonizados.org
19687,thwglobal.com
19688,ao.com
19689,google.so
19690,hccs.edu
19691,webjet.com.au
19692,etobang.com
19693,tek.no
19694,biqle.com
19695,abrst.pro
19696,uwa.edu.au
19697,ricoh.co.jp
19698,sobt5.org
19699,architonic.com
19700,gsi.go.jp
19701,emisaccess.co.uk
19702,freeagent.com
19703,godmode-trader.de
19704,premierinn.com
19705,pof.com.br
19706,orakul.com
19707,hust.edu.cn
19708,okoer.com
19709,cankaoxiaoxi.com
19710,iium.edu.my
19711,shangc.net
19712,napi.hu
19713,jetcost.it
19714,managementstudyguide.com
19715,mhf-z.jp
19716,techtunes.com.bd
19717,georgia.gov
19718,adressa.no
19719,skynet.be
19720,wellsfargodealerservices.com
19721,spyfu.com
19722,sinogoodies.hk
19723,kraken.com
19724,qmaths.in
19725,homeip.net
19726,guitaretab.com
19727,usaevent.net
19728,benefit-one.co.jp
19729,nd115.com
19730,hoteles.com
19731,law.go.kr
19732,sharif.edu
19733,royalcams.com
19734,yongliang.tmall.com
19735,naoconto.com
19736,arvixe.com
19737,bravofly.com
19738,questionpro.com
19739,uni-koeln.de
19740,wetpaint.com
19741,hintfilmcenneti.com
19742,all3dp.com
19743,linsao.com
19744,convertfiles.com
19745,technodom.kz
19746,cpm.org
19747,play4k.tv
19748,drakewing.com
19749,thevoicemyanmar.com
19750,indeed.com.ph
19751,jobui.com
19752,oddsshark.com
19753,shippuden.tv
19754,annualreviews.org
19755,bunjang.co.kr
19756,donkeymails.com
19757,bang.com
19758,audioknigi-online.com
19759,duobei.com
19760,mercedes-benz.de
19761,faktor.mk
19762,cfake.com
19763,geocities.ws
19764,skinnytaste.com
19765,sceper.ws
19766,cur.lv
19767,landwatch.com
19768,consolegameswiki.com
19769,timeforkids.com
19770,fancyfixjj.tmall.com
19771,expres.ua
19772,adscash.in
19773,uidaho.edu
19774,toppt.net
19775,allthetests.com
19776,hired.com
19777,diziizlek.com
19778,animakai.info
19779,essen-und-trinken.de
19780,achgut.com
19781,meitoku.tmall.com
19782,pdfforge.org
19783,edebiyatdefteri.com
19784,nihon-u.ac.jp
19785,xiaopian.com
19786,news.cn
19787,menlook.com
19788,dba-oracle.com
19789,hdscg.com
19790,gonitro.com
19791,healthequity.com
19792,network54.com
19793,alveomedia.com
19794,doorkeeper.jp
19795,izito.com
19796,fnnews.com
19797,adlibris.com
19798,webrazzi.com
19799,window.edu.ru
19800,designcrowd.com
19801,jpmediablog.org
19802,anm.gov.my
19803,semptum.com
19804,armaholic.com
19805,hyundaicard.com
19806,regielive.ro
19807,lidl.cz
19808,elgiganten.dk
19809,f1-gate.com
19810,mrwebmaster.it
19811,broadway.com
19812,prensaescrita.com
19813,cyzo.com
19814,homegardengreen.com
19815,newcenturytimes.com
19816,baofeng.com
19817,petmaya.com
19818,tibia.com
19819,xsplit.com
19820,xywjj.gov.cn
19821,homestyler.com
19822,csob.cz
19823,adimmix.com
19824,media.net
19825,tag24.de
19826,beboss.ru
19827,destinationtips.com
19828,jamaran.ir
19829,luben.tv
19830,fema.gov
19831,nmd.mk
19832,stackthatbucks.com
19833,support.tumblr.com
19834,uni-bonn.de
19835,downloadly.ir
19836,videoskaseros.com
19837,nidbox.com
19838,chidaneh.com
19839,antiplagiat.ru
19840,eclassesbyravindra.com
19841,gamerevolution.com
19842,f6s.com
19843,hackster.io
19844,rocket-league.com
19845,invisionfree.com
19846,airsextube.com
19847,hyundaiusa.com
19848,rapefilms.net
19849,toppreise.ch
19850,crane.aero
19851,kingshore.tmall.com
19852,greenhatworld.com
19853,meteoweb.eu
19854,worksheetfun.com
19855,nedbank.co.za
19856,hqprn.com
19857,solegendas.com.br
19858,karaspartyideas.com
19859,news-eleven.com
19860,f1f2.tmall.com
19861,iqilu.com
19862,metu.edu.tr
19863,timeedit.net
19864,dectv.tv
19865,erun360.com
19866,meteoam.it
19867,findanswersnow.net
19868,letmeredirectyou.com
19869,aldaniti.net
19870,tivix.co
19871,tkec.com.tw
19872,ldschurch.org
19873,in-vendita.it
19874,mydoterra.com
19875,yingjiesheng.com
19876,bektleay.com
19877,sibmama.ru
19878,langenscheidt.com
19879,uark.edu
19880,tokyo-sports.co.jp
19881,top10sportsites.com
19882,moeruasia.net
19883,elhow.ru
19884,gamona.de
19885,extratorrent.stream
19886,playtv.fr
19887,abc7chicago.com
19888,lodash.com
19889,utaseries.com
19890,emao.com
19891,landrover.com
19892,abchina.com
19893,bigideasmath.com
19894,cashnsave.com
19895,playtube.pk
19896,tapuz.co.il
19897,amateurs-gone-wild.com
19898,etudes-litteraires.com
19899,aidojf.tmall.com
19900,jinhuli.tmall.com
19901,cpf.gov.sg
19902,gamelayer.ru
19903,shopspring.com
19904,reussissonsensemble.fr
19905,huobi.com
19906,maxnetporn.com
19907,easybank.at
19908,juvenews.eu
19909,jobthai.com
19910,dearerfonder.info
19911,disney.co.jp
19912,promospro.com
19913,abebooks.co.uk
19914,gamebiz.jp
19915,danskebank.fi
19916,baby-kingdom.com
19917,craigslist.co.uk
19918,thomascook.com
19919,itzcash.com
19920,e2ma.net
19921,oricomall.com
19922,mzstatic.com
19923,supersoluce.com
19924,globalhealingcenter.com
19925,drei.at
19926,uolhost.com.br
19927,ero-pixes.com
19928,brides.com.cn
19929,photoshopessentials.com
19930,cloudup.com
19931,mapbox.com
19932,popcorntv.it
19933,golden-mines.biz
19934,rapidotorrents.com
19935,dizzyfestive.com
19936,theartistunion.com
19937,terra.com
19938,lahamag.com
19939,nankai.edu.cn
19940,keepsubtitles.com
19941,lahalle.com
19942,devicespecifications.com
19943,thinkphp.cn
19944,wirelesshack.org
19945,dongqiudi.com
19946,mcclatchydc.com
19947,goodrx.com
19948,caseking.de
19949,hongkongpan.com
19950,nulab-inc.com
19951,twistedporn.com
19952,avocatnet.ro
19953,rolex.com
19954,huashu.tmall.com
19955,fanlibang.com
19956,kancloud.cn
19957,expreview.com
19958,123wzwp.com
19959,51zwd.com
19960,musyuuseiclub.com
19961,southfront.org
19962,force-download.es
19963,szeretlekmagyarorszag.hu
19964,colfinancial.com
19965,zhongziso.com
19966,skinak.ir
19967,makeupandbeauty.com
19968,doujins.com
19969,isunshare.com
19970,yieldmanager.com
19971,bpmbanking.it
19972,huanqiuauto.com
19973,hdfilmizlebe.net
19974,mineplex.com
19975,just-eat.es
19976,doramax264.com
19977,startravel.com.tw
19978,govtrack.us
19979,btcinvestments.co.za
19980,aeromexico.com
19981,shirazu.ac.ir
19982,free-rutor.org
19983,cookinglight.com
19984,pincode.net.in
19985,musescore.org
19986,bings.in
19987,congstar.de
19988,carenet.com
19989,rojadirectatv.tv
19990,schoolspecialty.com
19991,k12.pa.us
19992,gensen2ch.com
19993,chacha.com
19994,gamesofdesire.com
19995,xncounter.com
19996,peachyforum.com
19997,androidpit.com.br
19998,worldsex.com
19999,nuskin.com
20000,tripadvisor.ie
20001,pokerstars.com
20002,anonhq.com
20003,voltairenet.org
20004,hogarmania.com
20005,te.eg
20006,flashcardmachine.com
20007,gyanipandit.com
20008,pushauction.com
20009,wealthfront.com
20010,adsofbrands.com
20011,um.edu.my
20012,rumahdijual.com
20013,monoprix.fr
20014,10nr6frq.cricket
20015,hoyinghui.com
20016,feedspot.com
20017,zdnet.fr
20018,zarfund.com
20019,kthsa.co.kr
20020,fanatik.ro
20021,techdog.cn
20022,style-style.com
20023,tpg.com.au
20024,singaporefriendly.com
20025,aprenderaprogramar.com
20026,1jbest.com
20027,audiusa.com
20028,topspeed.com
20029,gurum.biz
20030,bankexamstoday.com
20031,torrentgamesps2.net
20032,kidspot.com.au
20033,sexart.com
20034,hktvmall.com
20035,kurzy.cz
20036,barftroop.tumblr.com
20037,scirra.com
20038,wbjeeb.nic.in
20039,digitaluniversity.ac
20040,cdon.se
20041,playjoltz.com
20042,263.com
20043,linguee.it
20044,jeecup.nic.in
20045,mathxlforschool.com
20046,dallascowboys.com
20047,freerutor.com
20048,tailwindapp.com
20049,vuysooqimdbt.com
20050,ushistory.org
20051,loanedus.com
20052,sosh.fr
20053,itp.ne.jp
20054,japhub.com
20055,laughingcolours.com
20056,speedy.com.ar
20057,rooziato.com
20058,king5.com
20059,141jav.com
20060,kontakt.az
20061,hdmovieskit.com
20062,123contactform.com
20063,stata.com
20064,providesupport.com
20065,elhacker.net
20066,tamilmv.org
20067,doubtfulfestive.com
20068,tu-dresden.de
20069,theoldreader.com
20070,tuningtalk.com
20071,denverbroncos.com
20072,hawtcelebs.com
20073,mercadojobs.com
20074,mredllc.com
20075,ma-reduc.com
20076,makeup.com.ua
20077,madrid.es
20078,casselini.tmall.com
20079,zhenai.com
20080,sxsw.com
20081,ruby-lang.org
20082,mega-mult.ru
20083,idws.id
20084,elcat.kg
20085,price.ua
20086,gail.co.in
20087,blamper.ru
20088,zaycev.online
20089,gwar.pl
20090,duotegame.com
20091,dianxiaomi.com
20092,dayanzai.me
20093,jpddl.com
20094,lifeinbooks.net
20095,popyard.org
20096,finder.com.au
20097,grammarbook.com
20098,moteur.ma
20099,pep.ph
20100,kora-star.tv
20101,kinozal.me
20102,zan.kz
20103,gandermountain.com
20104,butfootballclub.fr
20105,onlinemoviescinema.com
20106,lottoland.com
20107,flirtsegretimature.com
20108,imsforex.com
20109,dd-wrt.com
20110,igraemsa.ru
20111,powerball.com
20112,uow.edu.au
20113,ss64.com
20114,lacoccinelle.net
20115,lostpic.net
20116,slant.co
20117,hbx.com
20118,statebankrewardz.com
20119,save.tv
20120,apu.ac.jp
20121,koragiants.com
20122,sexuria.com
20123,ukraina.ru
20124,techport.ru
20125,col3negoriginal.lk
20126,lakii.com
20127,just.ro
20128,bestsoftsforyourmachinetoday.website
20129,hdsky.me
20130,hrdc-drhc.gc.ca
20131,mariowiki.com
20132,bbandt.com
20133,unitel.ao
20134,ucdenver.edu
20135,deco.fr
20136,arm.com
20137,mytransitguide.com
20138,chinamobile.com
20139,bt.co
20140,english-for-students.com
20141,clubbox.co.kr
20142,fasthosts.co.uk
20143,sageone.co.za
20144,hugesharing.net
20145,tinybuddha.com
20146,mango02.com
20147,vrabotuvanje.com.mk
20148,dienmayxanh.com
20149,f1comp.ru
20150,babeljs.io
20151,autobild.es
20152,mercy.net
20153,game-ai.jp
20154,ctiku.com
20155,pse.com.co
20156,modland.net
20157,uz.gov.ua
20158,filimo.com
20159,zi-m.info
20160,homeofficestyle.com
20161,2siteweb.co
20162,yasemin.com
20163,kbc.be
20164,aqwwiki.wikidot.com
20165,soychile.cl
20166,pokermatch.com
20167,lalamao.com
20168,swinglifestyle.com
20169,processon.com
20170,usanetwork.com
20171,alaska.edu
20172,hollandandbarrett.com
20173,mtgsalvation.com
20174,stockholm.se
20175,caracol.com.co
20176,gruppocarige.it
20177,drosskype.com
20178,thomson.com
20179,guardian.co.uk
20180,kolxoz.net
20181,tproger.ru
20182,bobs-tube.com
20183,tynker.com
20184,springworks.biz
20185,ecu.edu
20186,morepoweronmac.trade
20187,thomasnet.com
20188,webhallen.com
20189,fr-online.de
20190,moneyweekly.com.cn
20191,loveeto.ru
20192,nontonfilm21.club
20193,librosweb.es
20194,instalki.pl
20195,grotal.com
20196,palweather.ps
20197,efirstbank.com
20198,citapreviainem.es
20199,gov.ro
20200,techsupportforum.com
20201,documents.mx
20202,z-dn.net
20203,du.edu
20204,kfzteile24.de
20205,web.com
20206,zenefits.com
20207,sheridancollege.ca
20208,albany.edu
20209,opensource.com
20210,uc3m.es
20211,edjoin.org
20212,estrepublicain.fr
20213,10bet.com
20214,cdn-apple.com
20215,edinarcoin.com
20216,hdmovies300.com
20217,cssauthor.com
20218,costcophotocenter.com
20219,nipple-img.com
20220,simchange.jp
20221,mobymax.com
20222,withnews.jp
20223,kantukan.co.kr
20224,swerved.xyz
20225,canlidizihd5.net
20226,barclaycard.de
20227,imiker.com
20228,buaa.edu.cn
20229,levelsex.com
20230,autopartswarehouse.com
20231,affaritaliani.it
20232,jkanime.mx
20233,studyisland.com
20234,nid.gov.ly
20235,ucheba.ru
20236,betaseries.com
20237,footasylum.com
20238,cqvip.com
20239,plus.ir
20240,sitenable.com
20241,bne.com.br
20242,attask-ondemand.com
20243,waistings.xyz
20244,webtoolscafe.com
20245,travis-ci.org
20246,baylor.edu
20247,rin.ru
20248,ecigtalk.ru
20249,forzieri.com
20250,ciatr.jp
20251,bbwhf.com
20252,binaryoptions.promo
20253,profession.hu
20254,airlandjf.tmall.com
20255,4cdn.org
20256,clippingmagic.com
20257,k12.ct.us
20258,imgwykop.pl
20259,maxisciences.com
20260,raise.com
20261,hyundaihmall.com
20262,spectranet.com.ng
20263,usps.gov
20264,worthofweb.com
20265,english-test.net
20266,ooredoo.com.kw
20267,teb.com.tr
20268,esetnod32.ru
20269,empireonline.com
20270,eventdots.jp
20271,officialcharts.com
20272,dlhdmovies.in
20273,clasificadosonline.com
20274,data.com
20275,netsea.jp
20276,shoppingblog2k.com
20277,1assuranceanimaux.xyz
20278,boeing.com
20279,koreanmall.com
20280,hugefiles.cc
20281,gter.net
20282,1rachat-de-credit.xyz
20283,passiontimes.hk
20284,5040.ir
20285,toptestes.com
20286,cinmaland.com
20287,dealscove.com
20288,cartelmovies.net
20289,channeladvisor.com
20290,overdeveloped.xyz
20291,downloadnow.com
20292,fzdm.com
20293,na.cx
20294,portforward.com
20295,tech-connect.biz
20296,oyunoyna.az
20297,livemixtapes.com
20298,willyweather.com.au
20299,fox6now.com
20300,bjs.com
20301,startwire.com
20302,thepiratedownload.com
20303,news-three-stars.net
20304,eetop.cn
20305,5ppai.com
20306,chain-reaction-pro.co
20307,movie4kto.site
20308,webstatsdomain.org
20309,vesti.az
20310,laykni.com
20311,navidiku.rs
20312,youlikehits.com
20313,hel.fi
20314,freshersvoice.com
20315,zapmeta.com.br
20316,mpsc.gov.in
20317,ttinteractive.com
20318,follettdestiny.com
20319,78dm.net
20320,ticktick.com
20321,aerolineas.com.ar
20322,scotsman.com
20323,rbs.co.uk
20324,kvb.co.in
20325,azmoon.org
20326,zouba.cn
20327,cyberagent.co.jp
20328,gtaall.com
20329,babyplan.ru
20330,meteor.com
20331,io.ua
20332,urlcash.net
20333,explainthatstuff.com
20334,uv.mx
20335,bueromarkt-ag.de
20336,g-star.com
20337,newcger.com
20338,africaguinee.com
20339,interq.or.jp
20340,ancestry.ca
20341,shopee.com.my
20342,zuanke8.com
20343,1pondo.tv
20344,asiamiles.com
20345,westsluts.com
20346,classifiedads.com
20347,newsland.com
20348,jinsanta.tmall.com
20349,frmoda.com
20350,acg18.us
20351,lkong.net
20352,tarjetarojaonline.me
20353,espec.ws
20354,ccli.com
20355,playsexgames.xxx
20356,simolesr.com
20357,mapmyrun.com
20358,unitn.it
20359,temagay.com
20360,exito.com
20361,amizone.net
20362,yxbao.com
20363,millipiyango.gov.tr
20364,siasat.com
20365,besttrendnews.net
20366,guenstiger.de
20367,thanwya.com
20368,qgraprebabxo.com
20369,crpf.nic.in
20370,historyinorbit.com
20371,lbc.co.uk
20372,freewebcams.com
20373,convertworld.com
20374,bluemix.net
20375,ca-paris.fr
20376,filmesonlineagora.com
20377,trucoteca.com
20378,liu.se
20379,parseek.com
20380,zongheng.com
20381,francefootball.fr
20382,gesundheit.de
20383,appzzang.ca
20384,ponpare.jp
20385,95095.com
20386,gushiwen.org
20387,vno.co.kr
20388,tra.gov.tw
20389,thatpervert.com
20390,ilmatieteenlaitos.fi
20391,urlsec.io
20392,baiduyunpan.net
20393,wanelo.co
20394,hindutva.info
20395,stan.com.au
20396,videezy.com
20397,suzukikenichi.com
20398,themebeta.com
20399,hea.cn
20400,gamer.ru
20401,1regroupement-credit.xyz
20402,moresisek.com
20403,arvest.com
20404,sadeempc.com
20405,startfenster.de
20406,nnu.com
20407,1comparateurassuranceauto.xyz
20408,medportal.ru
20409,apply2jobs.com
20410,miniwebtool.com
20411,10010.tmall.com
20412,broadwayworld.com
20413,mikocon.com
20414,kaufland.de
20415,4v4.com
20416,dlwordpress.com
20417,nordea.no
20418,avseesee.com
20419,binnews.in
20420,game2.cn
20421,shariyan.com
20422,aljadeed.tv
20423,hellotds.info
20424,bomeni.com
20425,104.ua
20426,autocar.co.uk
20427,hintbd.com
20428,gsmforum.ru
20429,newssci.com
20430,awesomescreenshot.com
20431,thefamouspeople.com
20432,terraherz.wordpress.com
20433,aamc.org
20434,silverdaddies.com
20435,javopen.co
20436,plantronics.com
20437,evermotion.org
20438,valenciacollege.edu
20439,yimei188.com
20440,laredoute.ru
20441,infogr.am
20442,edselphoto.tumblr.com
20443,poetrysoup.com
20444,delivery-club.ru
20445,guchill.com
20446,9xmaza.com
20447,tnschools.gov.in
20448,griffith.edu.au
20449,magicseaweed.com
20450,kaigai-tsuhan.com
20451,wsimg.com
20452,sociaplus.com
20453,ebaystatic.com
20454,ucr.ac.cr
20455,jorsindo.com
20456,eliteprospects.com
20457,ognyvo.ru
20458,farnet.ir
20459,mutaz.net
20460,recipedept.com
20461,bensbargains.com
20462,studiofow.com
20463,u-bordeaux.fr
20464,israelnationalnews.com
20465,ikedahayato.com
20466,vtm.be
20467,teachingchannel.org
20468,belfasttelegraph.co.uk
20469,track-chinapost.com
20470,1pret-auto.xyz
20471,yihaocar.com
20472,youxiuhr.com
20473,videostripe.com
20474,asia-team.net
20475,bbs-tw.com
20476,heinemann.com
20477,v4.cc
20478,superdeporte.es
20479,onlinetyari.com
20480,etvnet.com
20481,kkbobo.com
20482,auction.com
20483,koponyeg.hu
20484,mydomaine.com
20485,gboxapp.com
20486,tongji.edu.cn
20487,mediamass.net
20488,extremereach.com
20489,pixsense.net
20490,bestiz.net
20491,21csp.com.cn
20492,laboutiqueofficielle.com
20493,girlhit.com
20494,zdbb.net
20495,joerogan.net
20496,shared.sx
20497,segou456.info
20498,mtv.it
20499,diretube.com
20500,teach-nology.com
20501,starstable.com
20502,mojifen.com
20503,chip.pl
20504,technoshouter.com
20505,logdown.com
20506,cope.es
20507,groupon.pl
20508,trialeset.ru
20509,gran-matome.com
20510,4gameforum.com
20511,wampserver.com
20512,models.com
20513,macg.co
20514,uni-goettingen.de
20515,xnxx-hd.net
20516,utusan.com.my
20517,ostfilmtv.org
20518,camjax.com
20519,zj10086.tmall.com
20520,dxtrack55.info
20521,scalelab.com
20522,roadtovr.com
20523,gartic.com.br
20524,oro.com
20525,docslide.us
20526,yunpan.cn
20527,enjazit.com.sa
20528,graniru.org
20529,nutritionfacts.org
20530,precast.com.cn
20531,pornfun.com
20532,aotu9.com
20533,bloter.net
20534,tabonito.pt
20535,oakmanor.tmall.com
20536,eightforums.com
20537,movie2k.to
20538,justfab.com
20539,nationwidevehiclecontracts.co.uk
20540,superpages.com
20541,lycos.com
20542,almaghribtoday.net
20543,organicfacts.net
20544,youxixiazai.org
20545,jisutiyu.com
20546,xcar.com.cn
20547,sparwelt.de
20548,politeka.net
20549,bonprix.fr
20550,wonderzine.com
20551,enable-javascript.com
20552,boticario.com.br
20553,blogo.jp
20554,betexplorer.com
20555,redetv.uol.com.br
20556,enikensky.com
20557,neeu.tmall.com
20558,hirstart.hu
20559,fichier-pdf.fr
20560,lushusa.com
20561,burdastyle.ru
20562,uni-muenster.de
20563,p-world.co.jp
20564,meendorus.com
20565,beiii.com
20566,liveonsat.com
20567,owlcation.com
20568,gig-porno.com
20569,sevenbank.co.jp
20570,xxxkingtube.com
20571,unlv.edu
20572,pornbraze.com
20573,pokewiki.de
20574,freetaxusa.com
20575,proff.no
20576,kikdating.me
20577,google.gy
20578,girlschase.com
20579,missouristate.edu
20580,8684.cn
20581,beniculturali.it
20582,nta.co.jp
20583,yocajr.com
20584,air-nifty.com
20585,toen.xyz
20586,onpage.org
20587,liekr.com
20588,nijie.info
20589,reviewmyaccount.com
20590,unitysoft.org
20591,wordyou.ru
20592,rev.com
20593,shinhan.com
20594,newdirections.ru
20595,vgtime.com
20596,mihanwp.com
20597,youweekly.gr
20598,marisa.com.br
20599,steelseries.com
20600,xxtorrent.net
20601,appadvice.com
20602,russiancupid.com
20603,zh-cn.wordpress.com
20604,a1on.mk
20605,sscnwr.org
20606,webutation.net
20607,cadremploi.fr
20608,govtjob.guru
20609,wondershare.cn
20610,hdpicture.ru
20611,ys168.com
20612,manheim.com
20613,auto-data.net
20614,gigantti.fi
20615,5pao.com
20616,sonos.com
20617,vodafone.com.au
20618,fucked-tube.com
20619,1assurance-auto.xyz
20620,canadacomputers.com
20621,searchdesk.com
20622,severalmovies.com
20623,ausforex.com
20624,elfcosmetics.com
20625,guolairen.com
20626,payless.com
20627,elshaab.org
20628,whosdatedwho.com
20629,dpp.cz
20630,cloudfrondt.net
20631,omicsonline.org
20632,bendibao.com
20633,chineseinla.com
20634,rtl.hu
20635,cookingtrainer.com
20636,barclays.com
20637,youdo.com
20638,unionmangas.net
20639,iimjobs.com
20640,tuongthachcaogiare.biz
20641,lobi.co
20642,yimuhe.com
20643,livefoot.fr
20644,logpo.jp
20645,medi.ru
20646,uchportal.ru
20647,sniperhire.net
20648,pioneerdj.com
20649,bajajauto.com
20650,2shared.com
20651,canada411.ca
20652,solecollector.com
20653,softcatalog.info
20654,emisoras.com.mx
20655,voya.com
20656,carleton.edu
20657,87huluhu.net
20658,algonquincollege.com
20659,taxidrivermovie.com
20660,sourcecodester.com
20661,guloggratis.dk
20662,joovideo.net
20663,redmp3.su
20664,1simulation-emprunt.xyz
20665,jetfilmizle.biz
20666,dosya.co
20667,bd-film.com
20668,comparateurcreditauto.xyz
20669,makuake.com
20670,chicksontheright.com
20671,vogue.co.jp
20672,tubitak.gov.tr
20673,masseffect.com
20674,mtn.co.za
20675,webshopapp.com
20676,nishinippon.co.jp
20677,disk-tools.com
20678,baianju.tmall.com
20679,datasrvrs.com
20680,visitlondon.com
20681,desigual.com
20682,3rabmirror.com
20683,minted.com
20684,myairbridge.com
20685,bg.ac.rs
20686,jessiejane.tmall.com
20687,usal.es
20688,cdnstat.net
20689,tweepi.com
20690,37.com
20691,plays01.com
20692,zxxk.com
20693,hd-stream.net
20694,myschoolbucks.com
20695,clickwise.net
20696,imperiaonline.org
20697,engie.fr
20698,mobiblip.com
20699,diomedis.online
20700,nationalgridus.com
20701,cinemaindo.tv
20702,zabbix.com
20703,waitrose.com
20704,hispantv.com
20705,manytorrents.net
20706,utm.my
20707,guinnessworldrecords.com
20708,thrivethemes.com
20709,invertia.com
20710,dhl.co.uk
20711,drakorindofilms.com
20712,specialized.com
20713,websiteoutlook.com
20714,windowsforum.kr
20715,nuwber.com
20716,directnet.com
20717,cameradecision.com
20718,cbar.az
20719,smarthub.coop
20720,quantumbooks.com
20721,shoghlanty.com
20722,ducksters.com
20723,keyauto.my
20724,1rachatcredit.xyz
20725,naturallivingideas.com
20726,faadooengineers.com
20727,4399pk.com
20728,fullmovied.com
20729,drivespark.com
20730,mrsleepjj.tmall.com
20731,teamo.ru
20732,caras.uol.com.br
20733,acehardware.com
20734,wincalendar.com
20735,awesome-revenue.com
20736,owata-net.com
20737,digicame-info.com
20738,ja.wix.com
20739,1emprunt-immobilier.xyz
20740,banyungong.org
20741,jalisco.gob.mx
20742,freesteamkeys.me
20743,jxmall.com
20744,espritgames.ru
20745,craigslist.co.kr
20746,tut.ac.za
20747,dnevniki-vampira.org
20748,viney.tmall.com
20749,sino-us.com
20750,todorelatos.com
20751,karir.com
20752,tarot.com
20753,booksee.org
20754,postaonline.cz
20755,lifeclick.ir
20756,monegle.com
20757,cottonon.com
20758,orgpage.ru
20759,freedom-tor.org
20760,vibbi.com
20761,celebmafia.com
20762,sejda.com
20763,stoboi.ru
20764,thelancet.com
20765,5114.cn
20766,antenam.jp
20767,freeformatter.com
20768,twicsy.com
20769,lassuranceretraite.fr
20770,tutorialrepublic.com
20771,123movies.io
20772,easycookingvideos.com
20773,kukuklok.com
20774,comuniazo.com
20775,yeabd66.cc
20776,negisoku.com
20777,searchnow.com
20778,bebee.com
20779,theearthchild.co.za
20780,ejemplos.co
20781,woofoo.ru
20782,monash.edu.au
20783,simulationpretimmobilier.me
20784,kbbi.web.id
20785,bg-mamma.com
20786,moe.gov.om
20787,luxexpress.eu
20788,chedot.com
20789,cinemay.com
20790,atmel.com
20791,squidoo.com
20792,masturbate.io
20793,flooxer.com
20794,shuixing.tmall.com
20795,wilko.com
20796,cadena3.com
20797,business-solutions.us
20798,twdvd.com
20799,adpackpro.com
20800,i-mobile.co.jp
20801,unselfishporn.com
20802,appless.store
20803,fabo.gdn
20804,externalbsnlexam.com
20805,xmshowed.club
20806,minwon.go.kr
20807,dday.it
20808,box-manga.com
20809,2017god.com
20810,xpi.com.br
20811,haoshihaoci.com
20812,coveralia.com
20813,ic.ac.uk
20814,birchbox.com
20815,plus.pl
20816,guidechem.com
20817,unlimited-streaming-uae.com
20818,politexpert.net
20819,onlinepromotionsusa.com
20820,y3600.com
20821,smu.edu
20822,shafa.com
20823,52watch.com
20824,dnspod.cn
20825,assurancehabitation.me
20826,koreanz.com.au
20827,movistar.co
20828,globalindustrial.com
20829,moresecuredmac.trade
20830,rncdn3.com
20831,munpia.com
20832,eyescream.com.tw
20833,itrust.org.cn
20834,navsmart.info
20835,searpages.com
20836,atomtech.in
20837,mobilmania.cz
20838,itasportpress.it
20839,mrvideospornogratis.xxx
20840,chinahr.com
20841,nationalarchives.gov.uk
20842,titlewave.com
20843,homegate.ch
20844,adidas.co.in
20845,healthboards.com
20846,profitboosterapp.net
20847,m4ufree.info
20848,trellian.com
20849,farodevigo.es
20850,softlayer.com
20851,fun2cell.net
20852,timeface.cn
20853,wowbiz.ro
20854,marieclaire.fr
20855,aff88541.com
20856,clyp.it
20857,dlisted.com
20858,sega.jp
20859,htmlcolorcodes.com
20860,graphic.jp
20861,premiere.fr
20862,jakartanotebook.com
20863,2k.com
20864,filipinocupid.com
20865,zivame.com
20866,cnnewmusic.com
20867,animelyrics.com
20868,gfxdomain.co
20869,lyoness.com
20870,lapagayoxb.tmall.com
20871,mssqltips.com
20872,sportscheck.com
20873,jiguo.com
20874,laprovence.com
20875,rlcamvid.com
20876,outofmemory.cn
20877,imgcarry.com
20878,pbproxy.red
20879,taishinbank.com.tw
20880,foreca.fi
20881,dynadot.com
20882,tuttonapoli.net
20883,openbank.es
20884,jsonlint.com
20885,fullfilmhdizle1.net
20886,huihui.cn
20887,hi.biz
20888,mailgun.com
20889,afh32lkjwe.net
20890,indiansexxxtube.com
20891,lookae.com
20892,thisoldhouse.com
20893,fotogramas.es
20894,codeblocks.org
20895,csas.cz
20896,examiner.com
20897,mixtape.moe
20898,poliziadistato.it
20899,shahrsakhtafzar.com
20900,lazygirls.info
20901,esselunga.it
20902,doyo.cn
20903,sorayyanews.ir
20904,wbcomtax.gov.in
20905,evo-lutio.livejournal.com
20906,yelp.co.uk
20907,infospace.com
20908,czechcasting.com
20909,bancoprovincia.com.ar
20910,learnprogress.org
20911,ehu.eus
20912,meltwater.com
20913,everysecondcounts.eu
20914,soup.io
20915,converse.com
20916,finanznachrichten.de
20917,webqc.org
20918,bumeran.com.ar
20919,reprap.org
20920,figsoku.net
20921,westganews.com
20922,vmhelp.com
20923,pcwallart.com
20924,compte-nickel.fr
20925,kbergetar.com
20926,greek-team.cc
20927,tarad.com
20928,gifmaker.me
20929,volganet.ru
20930,vertbaudet.fr
20931,portaleducacao.com.br
20932,optumhealthfinancial.com
20933,maccosmetics.com
20934,jmys168.com
20935,historynet.com
20936,emini.tmall.com
20937,zbiornik.com
20938,vkmonline.com
20939,matimbanews.com
20940,brickset.com
20941,services.gc.ca
20942,alohaorderonline.com
20943,fff.fr
20944,jus.com.br
20945,mchs.gov.ru
20946,freegamepick.net
20947,durgapolashi.tumblr.com
20948,gamevui.vn
20949,laguia2000.com
20950,letters.org
20951,superhry.cz
20952,digiday.jp
20953,snapwidget.com
20954,hbvl.be
20955,twistys.com
20956,download.com
20957,bgsu.edu
20958,fonts-online.ru
20959,etrend.sk
20960,farmskins.com
20961,xxeronetxx.info
20962,driverscollection.com
20963,soundonsound.com
20964,seetickets.com
20965,lowes.ca
20966,studystack.com
20967,cgstate.gov.in
20968,turtlediary.com
20969,quifinanza.it
20970,1be.biz
20971,1bestarinet.net
20972,lookfantastic.com
20973,tu-darmstadt.de
20974,parcelforce.com
20975,thelocal.se
20976,cncmax.cn
20977,maccabi4u.co.il
20978,rbsdigital.com
20979,bangbrosnetwork.com
20980,paytup.com
20981,afterdawn.com
20982,bits-pilani.ac.in
20983,shiftwealth.com
20984,basketusa.com
20985,file-extensions.org
20986,phcmb5mpf62o.ru
20987,sarathi.nic.in
20988,aporntv.com
20989,karaoketexty.cz
20990,jamtangan.com
20991,shinybbs.com
20992,radiocut.fm
20993,findthecompany.com
20994,architecturaldigest.com
20995,ktbnetbank.com
20996,pornbourn.com
20997,conferenceplus.com
20998,u-psud.fr
20999,ebuxa.net
21000,boyner.com.tr
21001,weatheronline.co.uk
21002,naslovi.net
21003,junglescout.com
21004,howrse.com
21005,uai.com.br
21006,tennis.com
21007,servizioelettriconazionale.it
21008,russia-insider.com
21009,charlotteobserver.com
21010,csgopolygon.com
21011,petamusic.ru
21012,irlanguage.com
21013,melia.com
21014,avdbs.com
21015,combotab.com
21016,vkusporno.net
21017,pcmob.me
21018,hoopshype.com
21019,payzen.eu
21020,wazap.com
21021,fastmail.com
21022,javbus.info
21023,almanac.com
21024,channelfireball.com
21025,yellowpages.com.eg
21026,asha.org
21027,shinden.pl
21028,aztecaporno.com
21029,kaigai-matome.net
21030,elakiri.com
21031,4imprint.com
21032,youngisthan.in
21033,sfchronicle.com
21034,rian.com.ua
21035,tobi.com
21036,postimg.cc
21037,kiwsy.com.hk
21038,vtt.tumblr.com
21039,amrita.edu
21040,ireff.in
21041,gameloft.com
21042,yixiaoba.com
21043,my.ecwid.com
21044,xbeegtube.com
21045,66cruises.com
21046,bpjsketenagakerjaan.go.id
21047,pornoshara.tv
21048,packagetrackr.com
21049,movie4u.cc
21050,egokick.com
21051,bankpasargad.com
21052,blau.de
21053,abrasive.tumblr.com
21054,sydsvenskan.se
21055,prudential.com
21056,quoracdn.net
21057,gisher.org
21058,iwantv.com.ph
21059,fx2.cn
21060,jo24.net
21061,indeed.com.my
21062,herosports.com
21063,nationsonline.org
21064,wnacg.org
21065,rb.cz
21066,djagi.com
21067,intrks1.com
21068,kanyetothe.com
21069,avtb66.com
21070,gurufocus.com
21071,kobe-u.ac.jp
21072,ttk.ru
21073,hotelurbano.com
21074,sourcedirector.net
21075,vilaweb.cat
21076,dhl.com.mx
21077,worldfree4up.info
21078,liveomg.com
21079,jiathis.com
21080,962.net
21081,sri.gob.ec
21082,i-3-i.info
21083,biggboss10.me
21084,xerotica.com
21085,rr-sc.com
21086,agarz.com
21087,hazipatika.com
21088,payproglobal.com
21089,saghybux.com
21090,beltelecom.by
21091,pendrivelinux.com
21092,mergedocsonline.com
21093,jobriya.in
21094,ayoye.com
21095,naitimp3.ru
21096,channelawesome.com
21097,heyzo.com
21098,google.md
21099,rainmeter.net
21100,yiq6p.com
21101,1assurancechien.xyz
21102,noticias3d.com
21103,ac-aix-marseille.fr
21104,torontopubliclibrary.ca
21105,croma.com
21106,aeroplan.com
21107,garuda-indonesia.com
21108,translatorscafe.com
21109,thegospelcoalition.org
21110,umu.se
21111,safelinking.net
21112,mimp3.me
21113,mediaklikk.hu
21114,regione.lombardia.it
21115,seargoo.com
21116,qooza.hk
21117,pc-koubou.jp
21118,mp4mania.org
21119,lite-ra.com
21120,derhonigmannsagt.wordpress.com
21121,capitecbank.co.za
21122,lotte.com
21123,citibank.com.sg
21124,payulatam.com
21125,dengeki.com
21126,spdb.com.cn
21127,minehp.com
21128,intellectads.co.in
21129,bajajallianz.com
21130,html5rocks.com
21131,wheretoget.it
21132,ilrestodelcarlino.it
21133,lematin.ch
21134,rarescandals.xyz
21135,sarkari.jobs
21136,mobily.com.sa
21137,smartasset.com
21138,hitbullseye.com
21139,pia.co.jp
21140,sqlite.org
21141,unewstv.com
21142,codewars.com
21143,iata.org
21144,javacript.tk
21145,tubepornasian.com
21146,stylegrad.com
21147,mydish.com
21148,tju.edu.cn
21149,moma.org
21150,niazpardaz.com
21151,inopressa.ru
21152,navarra.es
21153,magisto.com
21154,adshort.co
21155,bellland.tmall.com
21156,viralnewsjunkie.com
21157,weltbild.de
21158,kinozz.net
21159,wizard101.com
21160,aumall.jp
21161,rzeszow.pl
21162,xue163.com
21163,biligame.com
21164,skyscanner.com.tw
21165,sbilife.co.in
21166,musictheory.net
21167,netizenbuzz.blogspot.com
21168,photosight.ru
21169,wbijam.pl
21170,filesmonster.com
21171,zn.ua
21172,tennis365.net
21173,valuewalk.com
21174,microsiervos.com
21175,abc-mart.net
21176,skymovies.im
21177,trkjmp.com
21178,futbolred.com
21179,realsport101.com
21180,kabam.com
21181,macpaw.com
21182,nybooks.com
21183,1cak.com
21184,fanread.ru
21185,alditalk.de
21186,medialeaks.ru
21187,lingolia.com
21188,stylenanda.com
21189,catchoftheday.com.au
21190,efsyn.gr
21191,trovit.co.za
21192,airblue.com
21193,fileinfo.com
21194,skoda-auto.com
21195,idwebgame.com
21196,abanca.com
21197,getlinkyoutube.com
21198,computerweekly.com
21199,offerup.com
21200,resizeimage.net
21201,updatesoft45678safesystems.pw
21202,aliyuncs.com
21203,azstatic.com
21204,drive2.com
21205,quotesgram.com
21206,101greatgoals.com
21207,transcredit.ru
21208,7baike.com
21209,parchment.com
21210,kinogo-net.me
21211,de.wordpress.com
21212,guoyao88.com
21213,watson.ch
21214,17xie.com
21215,lidl.co.uk
21216,quanyou.tmall.com
21217,setsu.xyz
21218,studyrama.com
21219,telefe.com
21220,seesaw.me
21221,convertuum.com
21222,olg.ca
21223,otorrent4.biz
21224,bannedbook.org
21225,shinshu-u.ac.jp
21226,barbioyunu.com.tr
21227,ibiblio.org
21228,volusion.com
21229,mywork.com.vn
21230,dailysuperheroes.com
21231,photographylife.com
21232,underconsideration.com
21233,cliparts.co
21234,1abzar.com
21235,publish2.me
21236,webhostbox.net
21237,luckyplayers.net
21238,pornbus.org
21239,county-news.com
21240,descargasnsn.com
21241,tvdosti.me
21242,jobs.bg
21243,dahe.cn
21244,hd-720.com
21245,world-action.net
21246,randivonal.hu
21247,arabhardware.net
21248,hiworks.com
21249,bibliaparalela.com
21250,waitbutwhy.com
21251,omanair.com
21252,returnofkings.com
21253,copaair.com
21254,bichuang.com
21255,oploverz.net
21256,perueduca.pe
21257,9766.com
21258,shouldiremoveit.com
21259,parcel2go.com
21260,kinogo.by
21261,readworks.org
21262,bebekoyunu.com.tr
21263,vacationstogo.com
21264,tui.com
21265,cashkaro.com
21266,fastwebnet.it
21267,juliamovies.com
21268,zoro.com
21269,torrentclick.com
21270,reifefrauen.com
21271,ooma.com
21272,pg.com
21273,chiba.jp
21274,ebook777.com
21275,passion.ru
21276,profitmaximizer.co
21277,computrabajo.com.ve
21278,loot.co.za
21279,zumi.pl
21280,hellokids.com
21281,online.fr
21282,viralinindia.in
21283,paroles.net
21284,atlantablackstar.com
21285,soccer0100.com
21286,edu.ro
21287,bartleby.com
21288,qiau.ac.ir
21289,jobsalert.pk
21290,pixivision.net
21291,fax.ir
21292,sosmath.com
21293,kalagard.com
21294,thisiswhyimbroke.com
21295,infoshqip.com
21296,pennlive.com
21297,attirerpage.com
21298,shoppersdrugmart.ca
21299,huifuren.tmall.com
21300,hatla2ee.com
21301,roksa.pl
21302,wot-news.com
21303,salud180.com
21304,zando.co.za
21305,usac.edu.gt
21306,hotelscombined.com.au
21307,mobdroforpcwindows.com
21308,engradepro.com
21309,panopto.com
21310,unir.net
21311,peliculasdk.com
21312,csic.es
21313,primaryinvestor.com
21314,slu.edu
21315,weekendhk.com
21316,norauto.fr
21317,bizreach.jp
21318,quantrimang.com
21319,kanchao.com
21320,egypt.gov.eg
21321,fubiz.net
21322,pcc.edu
21323,indeed.nl
21324,gamfook.com
21325,miped.ru
21326,byifl.com
21327,tripcase.com
21328,uuoobe.kr
21329,vodafone.ie
21330,cliquebook.net
21331,chinagate.cn
21332,indiafreestuff.in
21333,ntnu.edu.tw
21334,kamyonum.com.tr
21335,glassesusa.com
21336,hpshopping.in
21337,foxgay.com
21338,juzaphoto.com
21339,mondofox.it
21340,crunchify.com
21341,swisscoin.eu
21342,lastcall.com
21343,disneycareers.com
21344,motherearthnews.com
21345,medianp.com
21346,lot.com
21347,tan8.com
21348,aadharcarduid.com
21349,art.com
21350,nearbuy.com
21351,faststore.org
21352,recruitmentinboxx.com
21353,doubanio.com
21354,cakes.mu
21355,imovirtual.com
21356,underhentai.net
21357,bn.com.pe
21358,samequizy.pl
21359,thefoodpass.com
21360,sistrix.com
21361,babynames.net
21362,styleblossoms.com
21363,juno.co.uk
21364,snl.no
21365,softsea.com
21366,votpusk.ru
21367,orange.com
21368,pigu.lt
21369,softcatala.org
21370,mokhtalefmusic.com
21371,ingentaconnect.com
21372,bisai8.com
21373,nmmu.ac.za
21374,pollin.de
21375,zinc7.cc
21376,mypremiercreditcard.com
21377,downmagaz.com
21378,animeflavor.site
21379,letu.ru
21380,zunxianghuixb.tmall.com
21381,gfxcamp.com
21382,misr365.com
21383,lexmark.com
21384,dmax.de
21385,gotoquiz.com
21386,buentema.com
21387,shopandship.com
21388,netshahr.com
21389,uri.edu
21390,bris.ac.uk
21391,uid.me
21392,tut.fi
21393,homechef.com
21394,famix.xyz
21395,flipshope.com
21396,javarush.ru
21397,kixeye.com
21398,textyserver.appspot.com
21399,zaobao.com.sg
21400,fx110.com
21401,16honeys.com
21402,zavvi.com
21403,redocn.com
21404,contentdef.com
21405,abovetopsecret.com
21406,rmf24.pl
21407,intrks2.com
21408,pricerunner.se
21409,a-bloggers.com
21410,mai-net.net
21411,yachtworld.com
21412,listenlive.co
21413,internet-radio.com
21414,llanci.tmall.com
21415,trafficnews.jp
21416,adsterra.com
21417,allforchildren.ru
21418,comico.com.tw
21419,gulf4up.com
21420,mydaily.co.kr
21421,vanonline.com
21422,sovkusom.ru
21423,dreevee.com
21424,math-drills.com
21425,smotri-filmi.net
21426,postnl.post
21427,c36-love.com
21428,trmovies.net
21429,mais.uol.com.br
21430,hornywhores.net
21431,teledit.com
21432,filmotopia.com
21433,emigrantas.tv
21434,2ch-ranking.net
21435,buxinside.com
21436,pt80.net
21437,mydns.jp
21438,poll-maker.com
21439,oddcast.com
21440,havefunteaching.com
21441,downxia.com
21442,datviet.com
21443,sexyadults.eu
21444,hikaritv.net
21445,asyafanatikleri.net
21446,searchomepage.com
21447,redbooth.com
21448,todayonline.com
21449,reseauinternational.net
21450,abbreviationfinder.org
21451,viidii.info
21452,twoplustwo.com
21453,macsales.com
21454,tvnoviny.sk
21455,mydownloadtube.com
21456,gxzpw.org
21457,unian.ua
21458,sakarya.edu.tr
21459,tenmarks.com
21460,newspim.com
21461,vixen.com
21462,uci.cu
21463,hackedonlinegames.com
21464,mobilcom-debitel.de
21465,everlane.com
21466,eu4wiki.com
21467,stiffgamerdown.com
21468,ratewrite.tmall.com
21469,pullsurvey.com
21470,timetableresults.in
21471,choice.gov.in
21472,trocafone.com
21473,58pic2017.org
21474,homeschoolmath.net
21475,s7efty.com
21476,evysledky.com
21477,sample-cube.com
21478,hrt.hr
21479,blobla.com
21480,freesupertips.co.uk
21481,zimuku.net
21482,ct10000.com
21483,commondreams.org
21484,hvylya.net
21485,zmovie.tw
21486,4over.com
21487,lnksr.com
21488,idaho.gov
21489,abcoo.hk
21490,jagobd.com
21491,mon-horoscope-du-jour.com
21492,waplog.com
21493,aiomp3.cc
21494,otherbuzz.com
21495,wlu.ca
21496,mp3davalka.com
21497,monsoon.co.uk
21498,sstruyen.com
21499,goteborg.se
21500,gov.taipei
21501,videosexo.blog.br
21502,worldremit.com
21503,infogreffe.fr
21504,earn-money-onlines.info
21505,unizar.es
21506,joara.com
21507,xfs.jp
21508,51saier.cn
21509,onlinecub.net
21510,dokonline.com
21511,xtream-codes.com
21512,xilu.com
21513,nou.edu.ng
21514,subswiki.com
21515,matsunosuke.jp
21516,trackitonline.ru
21517,recruiterbox.com
21518,xl.co.id
21519,hardwareluxx.de
21520,beeptunes.com
21521,free-tv-video-online.me
21522,jczqw.com
21523,borsonline.hu
21524,naked.com
21525,wdzj.com
21526,adskpak.com
21527,meistertask.com
21528,in-en.com
21529,educadegree.com
21530,de-online.ru
21531,popcorn-time.to
21532,clipfish.de
21533,mangaeden.com
21534,toloka.to
21535,10050.tmall.com
21536,goodmacfaster.club
21537,tubevaporn.net
21538,findicons.com
21539,mandarake.co.jp
21540,kafepauza.mk
21541,supergaminator.com
21542,arabstoday.net
21543,drdinl.com
21544,karanpc.com
21545,purevpn.com
21546,truykich.net.vn
21547,ddooo.com
21548,zalando.com
21549,cameliaroma.com
21550,tadawul.com.sa
21551,vivaaerobus.com
21552,2dfan.com
21553,mhealth.ru
21554,androidaba.com
21555,motorpasion.com
21556,yourmechanic.com
21557,famousboard.com
21558,umin.ac.jp
21559,unizg.hr
21560,syoboi.jp
21561,isca.jp
21562,migrationsverket.se
21563,rulate.ru
21564,infostart.ru
21565,koubei.com
21566,stevemadden.com
21567,sheppardsoftware.com
21568,pingtest.net
21569,lexus.com
21570,polskibus.com
21571,kpblw.com
21572,wfaa.com
21573,adultbay.org
21574,ukpirate.click
21575,pixelmonmod.com
21576,indiainfoline.com
21577,jnj.com
21578,38522.com
21579,strath.ac.uk
21580,divvee.net
21581,morefastermac.trade
21582,free-mp3-streaming.online
21583,uploadocean.com
21584,lanhmanh.com
21585,flashscore.mobi
21586,bigslide.ru
21587,partsgeek.com
21588,iphoneimei.info
21589,airw.net
21590,9281.net
21591,buyerscompass.jp
21592,kladraz.ru
21593,xhamster-d.com
21594,world4freein.com
21595,everquote.com
21596,cpmclick.com
21597,did2memo.net
21598,tunovela.cc
21599,nsf.gov
21600,educacion.gob.ec
21601,twistedsifter.com
21602,republika.pl
21603,redcoon.de
21604,sonymp3.com
21605,emp.de
21606,gpo.gov
21607,megapastes.com
21608,anon-ib.tv
21609,shpg.org
21610,my1tab.com
21611,programmingsimplified.com
21612,taiwannews.com.tw
21613,noteflight.com
21614,transparent.com
21615,oneclickrecipes.com
21616,searchswapper.com
21617,nccc.com.tw
21618,yourtv.com.au
21619,torrents.me
21620,geniussis.com
21621,zelka.org
21622,miss-no1.com
21623,caichongwang.com
21624,mysimon.com
21625,miko-anime.com
21626,xxvideoss.org
21627,clik6.com
21628,chinaswitch.com
21629,sejuku.net
21630,oddee.com
21631,jyouhouya3.net
21632,digiturkplay.com.tr
21633,obi.ru
21634,uab.edu
21635,free-scores.com
21636,vitorrento.com
21637,51qe.cn
21638,dalani.it
21639,pdpop.com
21640,metododinerogratis.co
21641,u-f.ru
21642,mineduc.cl
21643,totalbeauty.com
21644,sanwen.net
21645,curiosity.com
21646,peopleadmin.com
21647,storybird.com
21648,51.ca
21649,emarketer.com
21650,camster.com
21651,bollywoodmdb.com
21652,movieplayer.it
21653,yelp.fr
21654,levif.be
21655,werally.com
21656,deeeep.io
21657,filmywap.com
21658,kassir.ru
21659,thedroidguy.com
21660,hushmail.com
21661,droid-life.com
21662,gab.ai
21663,giadinhvietnam.com
21664,hiveminer.com
21665,adnradio.cl
21666,nowtv.com
21667,skat.dk
21668,qixin.com
21669,intisari-online.com
21670,crazyegg.com
21671,holtgamez.com
21672,webnews.it
21673,vconnect.com
21674,webalta.ru
21675,passarela.com.br
21676,uan.ao
21677,torrentlee2.com
21678,qu.edu.qa
21679,mp4ba.la
21680,cyberghostvpn.com
21681,grabthegames.com
21682,cmrfalabella.com
21683,muscleandstrength.com
21684,zebra.com
21685,lovethispic.com
21686,glav.su
21687,sharethis.com
21688,iwriter.com
21689,diply.net
21690,groupon.com.br
21691,freshseries.net
21692,free-musicdownload.top
21693,copiapop.com
21694,fasub.in
21695,eonet.ne.jp
21696,wipfilms.net
21697,karunademo.wordpress.com
21698,surfconext.nl
21699,cratejoy.com
21700,ac-rennes.fr
21701,mann-ivanov-ferber.ru
21702,eduplace.com
21703,redalyc.org
21704,casacinema.click
21705,zzounds.com
21706,gizmodo.com.au
21707,sitesell.com
21708,falabella.com.pe
21709,zhengjian.org
21710,ondisk.co.kr
21711,bazar.sk
21712,clever-tanken.de
21713,chordtabs.in.th
21714,rockler.com
21715,sitejabber.com
21716,starmedia.com
21717,f-hd.net
21718,vendhq.com
21719,ideabank.pl
21720,webkinz.com
21721,foreca.ru
21722,allnurses.com
21723,unr.edu
21724,gameduell.de
21725,hankyu-travel.com
21726,musimundo.com
21727,telegram.hr
21728,govtlatestupdates.com
21729,torrenting.com
21730,cc5.net
21731,jcpcreditcard.com
21732,dinos.co.jp
21733,trendhunter.com
21734,emediate.biz
21735,anonymox.net
21736,thediplomat.com
21737,tvmaze.com
21738,dou.ua
21739,couponraja.in
21740,state.md.us
21741,arnaut-rosseau.tumblr.com
21742,eir.ie
21743,altyazilifilm.org
21744,iy-net.jp
21745,calcionapoli24.it
21746,lpsnmedia.net
21747,xxxlargeporn.com
21748,thameswater.co.uk
21749,storyboardthat.com
21750,w69b.com
21751,telam.com.ar
21752,films-torrent.ru
21753,motamem.org
21754,book-online.com.ua
21755,chordify.net
21756,transrush.com
21757,orange.eg
21758,hkesports.com
21759,jnto.go.jp
21760,transworld.net
21761,torrentiko.net
21762,diariofemenino.com
21763,psicologiaymente.net
21764,goldupload.net
21765,baahrakhari.com
21766,hsbc.co.in
21767,chromeexperiments.com
21768,travelclick.com
21769,didactic.ro
21770,curso-ingles.com
21771,awsubs.co
21772,adjarabet.com
21773,file4us.ru
21774,gmobb.jp
21775,rail-nation.com
21776,aspor.com.tr
21777,sports4u.live
21778,ozodi.org
21779,30nama15.link
21780,minimundos.com.br
21781,afterbuy.de
21782,iciporno.com
21783,mathplayground.com
21784,airbnb.com.tw
21785,playermailer.net
21786,shobiddak.com
21787,gifporn.me
21788,h1g.jp
21789,com--win.net
21790,askadmissions.net
21791,eeworld.com.cn
21792,wataan.com
21793,fontpalace.com
21794,khbirate.ma
21795,mundoprimaria.com
21796,emojikeyboard.org
21797,media4up.com
21798,moneris.com
21799,arcamax.com
21800,automobile.it
21801,btcland.org
21802,adservme.com
21803,bannersdontwork.com
21804,dreammail.jp
21805,donnamoderna.com
21806,fanabc.com
21807,studbooks.net
21808,lpoint.com
21809,graphicsprings.com
21810,chronicle.com
21811,gds.it
21812,banki.ir
21813,ticbeat.com
21814,subscribercounter.com
21815,toukoucity.to
21816,panoramafirm.pl
21817,inteligo.pl
21818,nationstarmtg.com
21819,politika.rs
21820,veehd.com
21821,rationalwiki.org
21822,kwestiasmaku.com
21823,imerisia.gr
21824,pornorc.net
21825,depedtambayanph.blogspot.com
21826,jav2be.com
21827,te5.com
21828,myvue.com
21829,sexleaps.com
21830,kronostm.com
21831,pornvibe.org
21832,ispot.tv
21833,blognone.com
21834,rakuya.com.tw
21835,auto.az
21836,brother-usa.com
21837,massincomesystem.com
21838,okayama-u.ac.jp
21839,taobao.org
21840,csgocasino.net
21841,twwebgame.com
21842,sexteenclips.net
21843,practicefusion.com
21844,hiapk.com
21845,co188.com
21846,tokopedia.net
21847,angelbroking.com
21848,ajel.sa
21849,hetlerbazar.wapka.me
21850,qcw.com
21851,celtx.com
21852,torrent.ai
21853,nomad-saving.com
21854,freecycle.org
21855,benesse.co.jp
21856,sokmil.com
21857,mathprofi.ru
21858,mandrillapp.com
21859,xmissy.nl
21860,jpmorgan.com
21861,baodautu.vn
21862,laughingsquid.com
21863,sobesednik.ru
21864,globalnovas.com
21865,haskell.org
21866,koggames.com
21867,pornvideoq.com
21868,differencebetween.com
21869,presstv.com
21870,floorplanner.com
21871,avidreaders.ru
21872,panorama.it
21873,genfb.com
21874,99bill.com
21875,hdfilmsitesi.com
21876,morphebrushes.com
21877,fichajes.com
21878,houstonisd.org
21879,topnyx.com
21880,sbtjapan.com
21881,bhdleon.com.do
21882,traffic.club
21883,infopraca.pl
21884,nepaliheadlines.com
21885,ac-lyon.fr
21886,ubuntu.ru
21887,eldarya.ru
21888,wfp.org
21889,unfollowed.me
21890,cwjobs.co.uk
21891,haber1903.com
21892,iau.ir
21893,best-traffik.info
21894,golfdigest.com
21895,eldia.com
21896,painfullygood.com
21897,intoautos.com
21898,canadagoose.com
21899,technologycraze.net
21900,huuto.net
21901,thuisbezorgd.nl
21902,reshet.tv
21903,erosberry.com
21904,safeshare.tv
21905,hboespana.com
21906,mgts.ru
21907,sc.gov
21908,google.co.uz
21909,sslshopper.com
21910,917.com
21911,moviemp4.net
21912,meiribuy.com
21913,gardeningknowhow.com
21914,jadopado.com
21915,onlarissa.gr
21916,booklive.jp
21917,uduba.com
21918,wisconsin.gov
21919,bfi.org.uk
21920,funmily.com
21921,gebnegozionline.com
21922,tatrabanka.sk
21923,hellocoton.fr
21924,hw.ac.uk
21925,mirando.de
21926,putlocker.plus
21927,ariba.com
21928,phandroid.com
21929,revenue.ie
21930,djliker.com
21931,iasbaba.com
21932,nlstar.com
21933,xuetangx.com
21934,towson.edu
21935,speaklanguages.com
21936,contactcars.com
21937,dongsport.com
21938,westbale.com
21939,learnpythonthehardway.org
21940,nicehash.com
21941,mobileworldcongress.com
21942,brighthub.com
21943,nova.edu
21944,yves-rocher.ru
21945,pahe.in
21946,onlymyhealth.com
21947,iwastesomuchtime.com
21948,bestsecret.com
21949,advertimes.com
21950,superprofs.com
21951,cao.go.jp
21952,edhelper.com
21953,jccm.es
21954,fiserv.com
21955,digitick.com
21956,webvisor.com
21957,imamu.edu.sa
21958,vfl.ru
21959,steamcharts.com
21960,fabfurnish.com
21961,platzi.com
21962,tophd.xxx
21963,photoscape.org
21964,m-w.com
21965,sa-mp.com
21966,wichita.edu
21967,pay1101.com
21968,winamax.fr
21969,avxo.pw
21970,conrad.com
21971,worldweatheronline.com
21972,sonkwo.com
21973,tripadvisor.co.nz
21974,sumome.com
21975,privatelink.de
21976,dehvand.ir
21977,b17.ru
21978,couponzguru.com
21979,glavcom.ua
21980,dpsk12.org
21981,tecnologia.uol.com.br
21982,search.us.com
21983,explorable.com
21984,fastvideo.me
21985,thegradcafe.com
21986,tablayouts.pro
21987,taaze.tw
21988,e3e9.com
21989,kindle10000.com
21990,readwhere.com
21991,10086.tmall.com
21992,ftcdn.net
21993,pichincha.com
21994,i-comic.net
21995,ajaxtower.jp
21996,lifeandstylemag.com
21997,anon.to
21998,playstarbound.com
21999,hd-arab.com
22000,armstrongeconomics.com