200,9gag.com
201,reimageplus.com
202,huffingtonpost.com
203,google.at
204,breitbart.com
205,youm7.com
206,softonic.com
207,indiatimes.com
208,amazon.fr
209,china.com.cn
210,myway.com
211,github.io
212,etsy.com
213,mercadolivre.com.br
214,weebly.com
215,redtube.com
216,abs-cbn.com
217,google.com.ng
218,outbrain.com
219,weather.com
220,doublepimp.com
221,google.com.pe
222,rambler.ru
223,forbes.com
224,huaban.com
225,slack.com
226,zhihu.com
227,google.ch
228,amazon.it
229,trello.com
230,google.cz
231,ameblo.jp
232,fbcdn.net
233,getmyads.com
234,dingit.tv
235,tistory.com
236,pinimg.com
237,prestoris.com
238,douyu.com
239,foxnews.com
240,openload.co
241,tokopedia.com
242,skype.com
243,39.net
244,bankofamerica.com
245,google.co.ao
246,bp.blogspot.com
247,k618.cn
248,google.cl
249,livejournal.com
250,google.ae
251,google.dz
252,wordpress.org
253,mozilla.org
254,wordreference.com
255,reddituploads.com
256,wittyfeed.com
257,wellsfargo.com
258,kinopoisk.ru
259,rutracker.org
260,codeonclick.com
261,twimg.com
262,youporn.com
263,google.pt
264,iwanttodeliver.com
265,thewhizproducts.com
266,files.wordpress.com
267,aol.com
268,allegro.pl
269,sabah.com.tr
270,blogspot.in
271,google.no
272,rolloid.net
273,goo.ne.jp
274,naver.jp
275,mailchimp.com
276,mama.cn
277,thesaurus.com
278,babytree.com
279,intuit.com
280,liputan6.com
281,ikea.com
282,putlockers.ch
283,spotscenered.info
284,archive.org
285,zillow.com
286,sogou.com
287,google.hu
288,rarbg.to
289,kompas.com
290,huanqiu.com
291,web.de
292,tripadvisor.com
293,shutterstock.com
294,irctc.co.in
295,onclickpredictiv.com
296,onedio.com
298,sourceforge.net
299,giphy.com
300,instructure.com
301,leboncoin.fr
302,sharepoint.com
303,hotstar.com
304,ifeng.com
305,wikimedia.org
306,scribd.com
307,google.ie
308,google.co.il
309,taringa.net
310,businessinsider.com
311,steamcommunity.com
312,ebay-kleinanzeigen.de
313,rt.com
314,youtube-mp3.org
315,conservativetribune.com
316,yts.ag
317,amazon.es
318,kaskus.co.id
319,gmx.net
320,bukalapak.com
321,caijing.com.cn
322,sberbank.ru
323,chaoshi.tmall.com
324,ltn.com.tw
325,wetransfer.com
326,freepik.com
327,cloudfront.net
328,google.dk
329,hatenablog.com
330,google.cn
331,xnxx.com
332,extratorrent.cc
333,themeforest.net
334,goodreads.com
335,digikala.com
336,gearbest.com
337,feedly.com
338,youku.com
339,zippyshare.com
340,pandora.com
341,webtretho.com
342,oracle.com
343,terraclicks.com
344,hp.com
345,espncricinfo.com
346,kakaku.com
347,enet.com.cn
348,pulseonclick.com
349,ruten.com.tw
350,evernote.com
351,dictionary.com
352,yesky.com
353,subscene.com
354,ouo.io
355,orange.fr
356,ab4hr.com
357,google.fi
358,taboola.com
359,mysagagame.com
360,accuweather.com
361,hatena.ne.jp
362,blogspot.com.br
363,4dsply.com
364,weblio.jp
365,dmm.co.jp
366,google.sk
367,seasonvar.ru
368,wix.com
369,qiita.com
370,hola.com
371,go.com
372,fiverr.com
373,asos.com
374,ensonhaber.com
375,poptm.com
376,kissanime.ru
377,ku6.com
378,media.tumblr.com
379,flickr.com
380,zendesk.com
381,messenger.com
383,onet.pl
384,bitauto.com
385,snapdeal.com
386,redirectvoluum.com
387,repubblica.it
388,medium.com
389,adnetworkperformance.com
390,battle.net
391,blackboard.com
392,2ch.net
393,speedtest.net
394,ci123.com
395,naij.com
396,spankbang.com
397,telegram.org
398,bilibili.com
399,exoclick.com
400,paytm.com