2001,sinoptik.ua
2002,iloveoldschoolmusic.com
2003,arab-clothing.com
2004,uscis.gov
2005,dailykos.com
2006,slimcdn.com
2007,caribbeancom.com
2008,khmerload.com
2009,mixi.jp
2010,oxforddictionaries.com
2011,all-free-download.com
2012,tvn24.pl
2013,wisc.edu
2014,moviecorner.com
2015,bb.com.br
2016,thingiverse.com
2017,pttsite.com
2018,floralinvestment.com
2019,google.com.kh
2020,usmagazine.com
2021,livetv.sx
2022,tagesschau.de
2023,folha.uol.com.br
2024,windows.net
2025,kalerkantho.com
2026,googlegroups.com
2027,paraloscuriosos.com
2028,heavy.com
2029,nbcsports.com
2030,eqxiu.com
2031,staticflickr.com
2032,doramatv.ru
2033,lastampa.it
2034,126.com
2035,curse.com
2036,creativemarket.com
2037,moddb.com
2038,zapmeta.ws
2039,csfd.cz
2040,keezmovies.com
2041,gettyimages.com
2042,columbia.edu
2043,ceneo.pl
2044,tiscali.it
2045,mapquest.com
2046,deliverymodo.com
2047,akamaihd.net
2048,tenki.jp
2049,rp5.ru
2050,avira.com
2051,uast.ac.ir
2052,gleam.io
2053,gorillavid.in
2054,sport.es
2055,soccerway.com
2056,wapka.mobi
2057,voyages-sncf.com
2058,unblocked.ink
2059,blogsky.com
2060,torrentdownloads.me
2061,yandex.com
2062,economist.com
2063,turbo.az
2064,zbij.net
2065,metro.co.uk
2066,aruba.it
2067,amaporn.com
2068,acs.org
2069,food.com
2070,nrk.no
2071,cdc.gov
2072,britannica.com
2073,readmanga.me
2074,alfalfalfa.com
2075,dpreview.com
2076,super.cz
2077,warning.or.kr
2078,kissmanga.com
2079,filelist.ro
2080,wikiwiki.jp
2081,ranker.com
2082,zopim.com
2083,limetorrents.cc
2084,readthedocs.io
2085,primevideo.com
2086,ntv.ru
2087,dianping.com
2088,bcvc.mobi
2089,klikbca.com
2090,itau.com.br
2091,rozblog.com
2092,bulbagarden.net
2093,google.ee
2094,theprofitsmaker.net
2095,vseigru.net
2096,news18.com
2097,sap.com
2098,tnt-online.ru
2099,scotiabank.com
2100,service-now.com
2101,aljazeera.com
2102,kbb.com
2103,cnnindonesia.com
2104,google.com.uy
2105,torrentino.me
2106,mehrnews.com
2107,qz.com
2108,kohsantepheapdaily.com.kh
2109,disney.go.com
2110,yandex.by
2111,mamba.ru
2112,bedbathandbeyond.com
2113,arxiv.org
2114,woot.com
2115,rajasthan.gov.in
2116,santander.co.uk
2117,incometaxindiaefiling.gov.in
2118,willhaben.at
2119,ilsole24ore.com
2120,elcomercio.pe
2121,britishcouncil.org
2122,phimmoi.net
2123,metrolyrics.com
2124,livescience.com
2125,templatemonster.com
2126,chinatimes.com
2127,indeed.co.uk
2128,vente-privee.com
2129,punchng.com
2130,raiplay.it
2131,directv.com
2132,alwakeelnews.com
2133,k2s.cc
2134,blogspot.com.co
2135,xiami.com
2136,eldorado.ru
2137,cvs.com
2138,firstpost.com
2139,fool.com
2140,anysex.com
2141,washington.edu
2142,pornmd.com
2143,serviporno.com
2144,agar.io
2145,4gamer.net
2146,careerbuilder.com
2147,prom.ua
2148,coolkora.com
2149,tamilrockers.cz
2150,duden.de
2151,admobitrack.com
2152,concursolutions.com
2153,filmibeat.com
2154,msnbc.com
2155,domaintools.com
2156,mmofreegames.online
2157,provinet.net
2158,div.as
2159,ccidnet.com
2160,mk.ru
2161,fortune.com
2162,iflscience.com
2163,pcadvisor.co.uk
2164,lcl.fr
2165,roaring.earth
2166,redbubble.com
2167,zamunda.net
2168,streaming-unlimited.com
2169,kakao.com
2170,datumglobal.com
2171,afftrack.com
2172,flightradar24.com
2173,1111.com.tw
2174,salon.com
2175,pelispedia.tv
2176,virginmedia.com
2177,2ch-c.net
2178,ads.gold
2179,getresponse.com
2180,mysmartprice.com
2181,hsbc.com.hk
2182,easyjet.com
2183,azet.sk
2184,porntube.com
2185,quickprivacycheck.com
2186,animeyt.tv
2187,sueddeutsche.de
2188,turkiye.gov.tr
2189,turnitin.com
2190,samsclub.com
2191,hgtv.com
2192,tf1.fr
2193,jerseymujeres.com
2194,interpark.com
2195,capitalone360.com
2196,rakuten.ne.jp
2197,4tube.com
2198,postimg.org
2199,nur.kz
2200,bestadbid.com
2201,newsnow.co.uk
2202,arstechnica.com
2203,exhentai.org
2204,autoscout24.de
2205,emag.ro
2206,b2b.cn
2207,docusign.net
2208,q.gs
2209,watchmygirlfriend.tv
2210,mypearson.com
2211,elle.com.tw
2212,akoam.com
2213,diamond.jp
2214,elitetorrent.net
2215,laposte.fr
2216,huffingtonpost.fr
2217,studfiles.ru
2218,p5w.net
2219,onlinecreditcenter6.com
2220,sbisec.co.jp
2221,cybozu.com
2222,namesakeoscilloscopemarquis.com
2223,labirint.ru
2224,suumo.jp
2225,quizzstar.com
2226,taimienphi.vn
2227,pordede.com
2228,bzw315.com
2229,metacritic.com
2230,minecraftforum.net
2231,marumaru.in
2232,2gis.ru
2233,openclassrooms.com
2234,51.la
2235,digg.com
2236,shahrekhabar.com
2237,mangahere.co
2238,tankionline.com
2239,blpmovies.com
2240,blockchain.info
2241,autotrader.co.uk
2242,wolframalpha.com
2243,zoomit.ir
2244,el7l.tv
2245,yr.no
2246,canalrcn.com
2247,google.com.bh
2248,un.org
2249,dummies.com
2250,express.com.pk
2251,xxxtubedot.com
2252,fullhdfilmizledim.org
2253,bayt.com
2254,360.com
2255,blogphongthuy.com
2256,grab.com
2257,crowdworks.jp
2258,one.com
2259,manyvids.com
2260,futhead.com
2261,google.com.np
2262,dek-d.com
2263,sparknotes.com
2264,fazenda.gov.br
2265,abema.tv
2266,utexas.edu
2267,n-tv.de
2268,umn.edu
2269,blogspot.pe
2270,ucla.edu
2271,watchseriesgo.to
2272,baiduccdn.org
2273,mashreghnews.ir
2274,hentaihaven.org
2275,williamhill.com
2276,icook.tw
2277,juksy.com
2278,weheartit.com
2279,rfi.fr
2280,onlinetodaynews.com
2281,todoist.com
2282,webmoney.ru
2283,moneyforward.com
2284,getintopc.com
2285,dinamalar.com
2286,gelocal.it
2287,bom.gov.au
2288,trotux.com
2289,pussysaga.com
2290,filmitorrent.org
2291,wpbeginner.com
2292,lolesports.com
2293,jalan.net
2294,youtube2mp3.cc
2295,torrentdosfilmes.com
2296,himasoku.com
2297,letras.mus.br
2298,kemdikbud.go.id
2299,ntvbd.com
2300,freshdesk.com
2301,vogue.com.tw
2302,fotolia.com
2303,bet-at-home.com
2304,mundodeportivo.com
2305,tribune.com.pk
2306,fraghero.com
2307,adyou.me
2308,kaspersky.com
2309,tokyo.jp
2310,medscape.com
2311,appstore.tmall.com
2312,lego.com
2313,vtv.vn
2314,aranzulla.it
2315,zhaopin.com
2316,vix.com
2317,githubusercontent.com
2318,moviescounter.com
2319,allabout.co.jp
2320,variety.com
2321,olx.com.pk
2322,dm5.com
2323,tass.ru
2324,uloz.to
2325,ibanking-services.com
2326,onlinekhabar.com
2327,detonate.com
2328,247sports.com
2329,today.com
2330,priceminister.com
2331,bankrate.com
2332,psychologytoday.com
2333,tesco.com
2334,sme.sk
2335,arbeitsagentur.de
2336,taoche.com
2337,eroprofile.com
2338,myasiantv.se
2339,yoox.com
2340,gtarcade.com
2341,citilink.ru
2342,androidcentral.com
2343,trademe.co.nz
2344,dkb.de
2345,nalog.ru
2346,fetlife.com
2347,jet.com
2348,sznews.com
2349,vrbo.com
2350,saliechelon255.tumblr.com
2351,rtve.es
2352,theopenads.com
2353,sakshi.com
2354,ksl.com
2355,complex.com
2356,plex.tv
2357,twinkas.com
2358,dailythanthi.com
2359,who.is
2360,lankasri.com
2361,onclicktop.com
2362,societegenerale.fr
2363,sciencedaily.com
2364,protothema.gr
2365,rt.ru
2366,polygon.com
2367,typepad.com
2368,smadav.net
2369,typeform.com
2370,theblaze.com
2371,iciba.com
2372,boursorama.com
2373,tripadvisor.it
2374,monografias.com
2375,brucelead.com
2376,softbank.jp
2377,nesn.com
2378,bluestacks.com
2379,moi.gov.sa
2380,adpop-1.com
2381,stardoll.com
2382,paheal.net
2383,globaltimes.cn
2384,sankakucomplex.com
2385,mainichi.jp
2386,vocabulary.com
2387,voanews.com
2388,pons.com
2389,mypayingads.com
2390,google.cm
2391,hotlaksa.com
2392,blic.rs
2393,commerzbank.de
2394,forocoches.com
2395,presslogic.com
2396,here.com
2397,timewarnercable.com
2398,olx.kz
2399,olx.co.ao
2400,qudong.com
2401,citrixonline.com
2402,ig.com.br
2403,imgchili.net
2404,sammobile.com
2405,thebuzztube.com
2406,everydayhealth.com.tw
2407,myworkday.com
2408,webtoons.com
2409,elcorteingles.es
2410,tamin.ir
2411,niusnews.com
2412,pretty52.com
2413,sky.it
2414,mercadolibre.com
2415,kino-teatr.ru
2416,fanatik.com.tr
2417,thegioinoithat.com
2418,vz.ru
2419,overdrive.com
2420,sagepub.com
2421,barclays.co.uk
2422,mindbodyonline.com
2423,sbicard.com
2424,yesadsrv.com
2425,cargurus.com
2426,thechive.com
2427,zipbogo.net
2428,alfacart.com
2429,graphicriver.net
2430,amd.com
2431,tiu.ru
2432,elegantthemes.com
2433,shadbase.com
2434,chomikuj.pl
2435,rbcroyalbank.com
2436,state.tx.us
2437,privatbank.ua
2438,alayam24.com
2439,chefkoch.de
2440,cima4up.tv
2441,adobelogin.com
2442,illinois.edu
2443,suntrust.com
2444,emailaccessonline.com
2445,orbitz.com
2446,wikibooks.org
2447,eurosport.fr
2448,livemaster.ru
2449,bartarinha.ir
2450,twgreatdaily.com
2451,bbva.es
2452,tap.az
2453,mediamarkt.de
2454,jpnn.com
2455,funnyjunk.com
2456,duba.com
2457,toysrus.com
2458,shop-pro.jp
2459,maturealbum.com
2460,popundertotal.com
2461,hihi2.com
2462,forexfactory.com
2463,who.int
2464,dramafever.com
2465,wyborcza.pl
2466,betradar.com
2467,alriyadh.com
2468,ccavenue.com
2469,i.ua
2470,oup.com
2471,videohive.net
2472,vanguard.com
2473,videolan.org
2474,ucoz.com
2475,soft98.ir
2476,craigslist.ca
2477,statcounter.com
2478,tecmundo.com.br
2479,secureinternetbank.com
2480,desiserials.tv
2481,online-life.cc
2482,bama.ir
2483,elsalvador.com
2484,vcommission.com
2485,deadspin.com
2486,jkforum.net
2487,colorlib.com
2488,amazon.com.mx
2489,hitc.com
2490,beeline.ru
2491,mathxl.com
2492,adidas.com
2493,zimbio.com
2494,cc.com
2495,90min.com
2496,fimina.com
2497,zergnet.com
2498,miao.tmall.com
2499,omegle.com
2500,mylucky123.com
2501,occupydemocrats.com
2502,timeout.com
2503,mundosexanuncio.com
2504,ntdtv.com
2505,90tv.ir
2506,abv.bg
2507,ontvtime.ru
2508,almaany.com
2509,tumangaonline.com
2510,diretta.it
2511,itfarrag.com
2512,jal.co.jp
2513,lifehacker.ru
2514,aif.ru
2515,sbrf.ru
2516,imgbox.com
2517,libertyland.co
2518,peyvandha.ir
2519,dealwifi.com
2520,etorrent.co.kr
2521,proprofs.com
2522,edmunds.com
2523,logitech.com
2524,netpnb.com
2525,cars.com
2526,codeadnetwork.com
2527,zoopla.co.uk
2528,dotabuff.com
2529,infoseek.co.jp
2530,si.com
2531,radikal.ru
2532,caisse-epargne.fr
2533,zdf.de
2534,index.hr
2535,tripadvisor.in
2536,sketchup.com
2537,libgen.io
2538,bookzz.org
2539,laposte.net
2540,fleshhole.com
2541,buffer.com
2542,blocket.se
2543,conduit.com
2544,the-star.co.ke
2545,ssc.nic.in
2546,bittorrent.com
2547,utoronto.ca
2548,w3school.com.cn
2549,o2.pl
2550,rusvesna.su
2551,yonhapnews.co.kr
2552,ovh.net
2553,eluniversal.com.mx
2554,sunnyplayer.com
2555,creditmutuel.fr
2556,mathrubhumi.com
2557,ahlmisrnews.com
2558,submarino.com.br
2559,bancsabadell.com
2560,successfactors.com
2561,rikunabi.com
2562,bancoestado.cl
2563,szn.cz
2564,jezebel.com
2565,imgsrc.ru
2566,incruit.com
2567,teamliquid.net
2568,anidub.com
2569,akhbaralaan.net
2570,nyu.edu
2571,sportbox.ru
2572,eldiario.es
2573,mpnrs.com
2574,kora-online.tv
2575,teacherspayteachers.com
2576,portalinteressante.com
2577,tradingview.com
2578,solvusoft.com
2579,discovercard.com
2580,lexpress.fr
2581,els-cdn.com
2582,inmotionhosting.com
2583,androidauthority.com
2584,google.tt
2585,lonelyplanet.com
2586,symbaloo.com
2587,mojang.com
2588,cafe24.com
2589,olymptrade.com
2590,refinery29.com
2591,tukif.com
2592,verseriesynovelas.tv
2593,new17write.com
2594,popdaily.com.tw
2595,barclaycardus.com
2596,bradesco.com.br
2597,mylust.com
2598,douga-getter.com
2599,jma.go.jp
2600,umeng.com
2601,bastillepost.com
2602,stripe.com
2603,xkcd.com
2604,resultados-futbol.com
2605,slidesharecdn.com
2606,streamcomplet.com
2607,vector.co.jp
2608,megafon.ru
2609,dji.com
2610,1varzesh.com
2611,thumbzilla.com
2612,nutaku.net
2613,trackvoluum.com
2614,lichess.org
2615,ingdirect.es
2616,travelocity.com
2617,listindiario.com
2618,halifax-online.co.uk
2619,591.com.tw
2620,translit.net
2621,freedownloadmanager.org
2622,le.com
2623,v1n7c.com
2624,read01.com
2625,bd24live.com
2626,casasbahia.com.br
2627,onlinelic.in
2628,dantri.com.vn
2629,nab.com.au
2630,nhaccuatui.com
2631,entekhab.ir
2632,docusign.com
2633,disney.com
2634,dominos.com
2635,leadpages.co
2636,sendmad.com
2637,hi.ru
2638,polarpornhd.com
2639,ggpht.com
2640,hongkiat.com
2641,yammer.com
2642,trovaprezzi.it
2643,lifezette.com
2644,gismeteo.ua
2645,pixhost.org
2646,empowr.com
2647,oyunskor.com
2648,ngacn.cc
2649,upenn.edu
2650,google.lu
2651,b9dm.com
2652,renren.com
2653,glosbe.com
2654,gravitytales.com
2655,layalina.com
2656,linguee.com
2657,drupal.org
2658,wowkorea.jp
2659,infojobs.net
2660,mtsindia.in
2661,hdfilmakinasi.com
2662,cheatsheet.com
2663,jmw.com.cn
2664,babbel.com
2665,lifehack.org
2666,pornpics.com
2667,alphacoders.com
2668,hln.be
2669,mudah.my
2670,365jia.cn
2671,oasgames.com
2672,newmovie-hd.com
2673,prostoporno.tv
2674,watchcartoononline.io
2675,intesasanpaolo.com
2676,metbuat.az
2677,atwiki.jp
2678,terra.com.br
2679,myvidster.com
2680,sarayanews.com
2681,dnsrsearch.com
2682,indiapost.gov.in
2683,linktrker.com
2684,giga.de
2685,1001fonts.com
2686,dropboxusercontent.com
2687,yrdrtzmsmt.com
2688,upsocl.com
2689,woman.ru
2690,ehow.com
2691,google.co.ma
2692,codeplex.com
2693,mtv.com
2694,ing.nl
2695,anz.com
2696,gaana.com
2697,puu.sh
2698,serebii.net
2699,maplestage.com
2700,provincial.com
2701,clicktripz.com
2702,qvc.com
2703,sci-hub.cc
2704,journaldesfemmes.com
2705,islamweb.net
2706,banquepopulaire.fr
2707,wmtransfer.com
2708,kosip.org
2709,city-data.com
2710,cox.net
2711,gemius.pl
2712,51auto.com
2713,segundamano.mx
2714,mightytext.net
2715,dagbladet.no
2716,avclub.com
2717,gemius.com
2718,wetteronline.de
2719,mosaiquefm.net
2720,arduino.cc
2721,123movies.net
2722,holloporn.com
2723,fastpiratebay.co.uk
2724,gitlab.com
2725,dailycaller.com
2726,intercambiosvirtuales.org
2727,btcclicks.com
2728,indiabix.com
2729,ncore.cc
2730,bytefence.com
2731,pearsonmylabandmastering.com
2732,hdfilmcehennemi.com
2733,fssnet.co.in
2734,paidverts.com
2735,mobrevflwms.com
2736,delfi.lt
2737,wasabisyrup.com
2738,teatroporno.com
2739,google.ge
2740,dramacool.to
2741,ixl.com
2742,myfonts.com
2743,dr.dk
2744,tcafe2.com
2745,wav.tv
2746,planetsuzy.org
2747,rae.es
2748,forumfree.it
2749,adreactor.com
2750,medlineplus.gov
2751,wlp-acs.com
2752,wpengine.com
2753,seek.com.au
2754,eltiempo.com
2755,earthlink.net
2756,jugem.jp
2757,ssisurveys.com
2758,geeksforgeeks.org
2759,hrblock.com
2760,gtmetrix.com
2761,homepage-web.com
2762,uploadboy.com
2763,datafile.com
2764,all-czech.com
2765,shmoop.com
2766,izvestia.ru
2767,alquds.co.uk
2768,razerzone.com
2769,worldoftanks.com
2770,eltiempo.es
2771,msu.edu
2772,irib.ir
2773,static1.squarespace.com
2774,ets.org
2775,logmein.com
2776,le360.ma
2777,javfor.me
2778,biography.com
2779,homes.co.jp
2780,torrentz.eu
2781,otvfoco.com.br
2782,shiftdelete.net
2783,pcpartpicker.com
2784,a10.com
2785,xossip.com
2786,evoucher.co.id
2787,emojipedia.org
2788,fanserials.tv
2789,iconfinder.com
2790,tvtropes.org
2791,hqporner.com
2792,fantasti.cc
2793,indimusic.tv
2794,t-nation.com
2795,r18.com
2796,filesharefanatic.com
2797,bankbazaar.com
2798,cibc.com
2799,mp3tunes.ws
2800,traffic-media.co
2801,mathsisfun.com
2802,siteground.com
2803,bancobrasil.com.br
2804,heureka.cz
2805,myspace.com
2806,rr.com
2807,18183.com
2808,probuilds.net
2809,alluc.ee
2810,ifixit.com
2811,ap.org
2812,07073.com
2813,citibankonline.com
2814,meduza.io
2815,seneweb.com
2816,garaanews.com
2817,korrespondent.net
2818,hotukdeals.com
2819,cna.com.tw
2820,incisozluk.com.tr
2821,oriflame.com
2822,javatpoint.com
2823,lamoda.ru
2824,charter.net
2825,chooseauto.com.cn
2826,nta.go.jp
2827,kickass.cd
2828,netsuite.com
2829,rolinda.work
2830,fwbntw.com
2831,segmentfault.com
2832,javlibrary.com
2833,npa-ar.com
2834,news24.com
2835,bidverdrs.com
2836,musixmatch.com
2837,miomio.tv
2838,rakuten.com
2839,tabmemfree.appspot.com
2840,yespornplease.com
2841,pussyspace.com
2842,vic.gov.au
2843,porndoe.com
2844,indishare.me
2845,couchsurfing.com
2846,smbc-card.com
2847,usc.edu
2848,superjob.ru
2849,garena.com
2850,diynetwork.com
2851,nikkansports.com
2852,trustedreviews.com
2853,tvzvezda.ru
2854,startimes.com
2855,5dcar.com
2856,ssa.gov
2857,tamilyogi.cc
2858,torrentfreak.com
2859,soompi.com
2860,clicknupload.link
2861,namanbharat.com
2862,garanti.com.tr
2863,newsmax.com
2864,opentable.com
2865,cheezburger.com
2866,etrade.com
2867,beachbooksblog.wordpress.com
2868,filecrypt.cc
2869,zalukaj.com
2870,famousbirthdays.com
2871,filgoal.com
2872,russia.tv
2873,laredoute.fr
2874,yle.fi
2875,uprise.website
2876,vidup.me
2877,ing-diba.de
2878,moe.gov.sa
2879,traidnt.net
2880,zol.com.cn
2881,djelfa.info
2882,bouyguestelecom.fr
2883,mmo-champion.com
2884,shine.com
2885,kicker.de
2886,baimao.com
2887,farpost.ru
2888,directadvert.ru
2889,officedepot.com
2890,kissanime.io
2891,dickssportinggoods.com
2892,nesaporn.com
2893,service-public.fr
2894,thenextweb.com
2895,thoughtcatalog.com
2896,literotica.com
2897,duga.jp
2898,gizmodo.jp
2899,rai.it
2900,google.com.py
2901,nu.nl
2902,thegaw.net
2903,mg.gov.br
2904,manager.co.th
2905,cosmopolitan.com
2906,thesimsresource.com
2907,homeaway.com
2908,redhat.com
2909,olx.com.eg
2910,torrentking.eu
2911,atv.com.tr
2912,scoop.it
2913,nextlnk7.com
2914,myanmarload.com
2915,malwarebytes.com
2916,globaltestmarket.com
2917,stern.de
2918,producthunt.com
2919,star.com.tr
2920,ilovepdf.com
2921,zazzle.com
2922,rivalshare.com
2923,jorudan.co.jp
2924,accenture.com
2925,pitchfork.com
2926,lentainform.com
2927,ismedia.jp
2928,zalando.de
2929,elblog.com
2930,google.com.ni
2931,rajnikantvscidjokes.in
2932,mp3teca.com
2933,9xmovies.net
2934,ria.com
2935,bicentenariobu.com
2936,flvto.biz
2937,dxtrack22.info
2938,fullprogramlarindir.com
2939,google.com.cy
2940,samplicio.us
2941,newsru.com
2942,faithtap.com
2943,computerhope.com
2944,webinarjam.net
2945,check24.de
2946,diary.ru
2947,kwejk.pl
2948,square-enix.com
2949,adsjudo.com
2950,serienstream.to
2951,asu.edu
2952,goodgamestudios.com
2953,feng.com
2954,gazzetta.gr
2955,nordvpn.com
2956,tamilgun.pro
2957,myadsino.com
2958,nintendo.co.jp
2959,youtubeinmp3.com
2960,macrumors.com
2961,edmodo.com
2962,ouest-france.fr
2963,theporndude.com
2964,darty.com
2965,adorocinema.com
2966,citationmachine.net
2967,whois.com
2968,aglasem.com
2969,aljaras.com
2970,tdbank.com
2971,noticias.uol.com.br
2972,movierulz.la
2973,light-dark.net
2974,bigfile.to
2975,epfindia.gov.in
2976,admarketplace.net
2977,bigpoint.com
2978,icolor.com.cn
2979,comdirect.de
2980,unilad.co.uk
2981,immobiliare.it
2982,dramanice.to
2983,adyieldoptimizer.com
2984,twentytwowords.com
2985,dolartoday.com
2986,okwave.jp
2987,mango.com
2988,zdnet.com
2989,zapier.com
2990,esporte.uol.com.br
2991,manualslib.com
2992,indiarailinfo.com
2993,depfile.com
2994,takealot.com
2995,expansion.com
2996,playpark.com
2997,gta5-mods.com
2998,tripadvisor.fr
2999,rivals.com
3000,planetminecraft.com
3001,inspsearch.com
3002,girlsaskguys.com
3003,itch.io
3004,inps.it
3005,masrawy.com
3006,ifilez.org
3007,betfair.com
3008,vodafone.de
3009,newgrounds.com
3010,katfile.com
3011,nhentai.net
3012,thomsonreuters.com
3013,beritasatu.com
3014,superanimes.com
3015,coinbase.com
3016,societe.com
3017,shareably.net
3018,googleblog.com
3019,mercantilbanco.com
3020,deveev.com
3021,jang.com.pk
3022,banco.bradesco
3023,gujarat.gov.in
3024,kknews.cc
3025,britishairways.com
3026,lesechos.fr
3027,neogaf.com
3028,51cto.com
3029,fotor.com
3030,dwnews.com
3031,vanityfair.com
3032,almubasher.com.sa
3033,phonearena.com
3034,bookingbuddy.com
3035,raspberrypi.org
3036,pogo.com
3037,buscape.com.br
3038,zononi.com
3039,gfpornbox.com
3040,on.cc
3041,cool3c.com
3042,kar.nic.in
3043,rich-birds.org
3044,nsw.gov.au
3045,memrise.com
3046,ziprecruiter.com
3047,asp.net
3048,pandora.tv
3049,navyfederal.org
3050,plurk.com
3051,quasargaming.com
3052,analdin.com
3053,moretify.com
3054,trendingpost.net
3055,stargames.com
3056,msmtrakk10a.com
3057,appgame.com
3058,doctissimo.fr
3059,jolic2.com
3060,premiumslotonline.com
3061,gruposantander.es
3062,price.com.hk
3063,downloadha.com
3064,joemonster.org
3065,toponclick.com
3066,cmu.edu
3067,armorgames.com
3068,netshoes.com.br
3069,trovi.com
3070,4downfiles.org
3071,clickjogos.com.br
3072,www.nhs.uk
3073,dramacool.io
3074,j.gs
3075,regnum.ru
3076,adfoc.us
3077,sport24.gr
3078,ixbt.com
3079,bizrate.com
3080,ucoz.ua
3081,ox.ac.uk
3082,blogos.com
3083,wine-searcher.com
3084,vista.ir
3085,globalsources.com
3086,fulltab.com
3087,xtraffic.com
3088,mover.uz
3089,xsrv.jp
3090,cumlouder.com
3091,tomshardware.co.uk
3092,colorado.edu
3093,mabanque.bnpparibas
3094,smartsheet.com
3095,3158.cn
3096,companieshouse.gov.uk
3097,bmo.com
3098,naijaloaded.com.ng
3099,definicion.de
3100,bestbuy.ca
3101,kaiserpermanente.org
3102,k2nblog.com
3103,pagalworld.me
3104,hbr.org
3105,marketgid.com
3106,ilcorsaronero.info
3107,asianwiki.com
3108,synchronycredit.com
3109,cocomy.net
3110,vipergirls.to
3111,channelmyanmar.org
3112,creativebloq.com
3113,mixcloud.com
3114,adsmena.com
3115,ihg.com
3116,vivo.sx
3117,securerr.com
3118,huffingtonpost.jp
3119,empflix.com
3120,trafficserving.com
3121,addictinggames.com
3122,combo-search.com
3123,maalaimalar.com
3124,extraimage.net
3125,alison.com
3126,kanald.com.tr
3127,cengage.com
3128,docker.com
3129,worldbank.org
3130,histats.com
3131,thepiratebay-proxylist.org
3132,3djuegos.com
3133,nvzhuang.tmall.com
3134,namnak.com
3135,surveyrouter.com
3136,wrestlinginc.com
3137,nsw.edu.au
3138,royalmail.com
3139,kodi.tv
3140,akhbarak.net
3141,google.hn
3142,dhs.gov
3143,juegos.com
3144,ucsd.edu
3145,haruka-yumenoato.net
3146,sulekha.com
3147,tgmgo.com
3148,2ch.hk
3149,thenewslens.com
3150,telekom.de
3151,mangapark.me
3152,time-to-read.ru
3153,jungleerummy.com
3154,tamilwin.com
3155,buzzie.net
3156,money.pl
3157,campograndenews.com.br
3158,corotos.com.do
3159,zamzar.com
3160,distorrent.com
3161,mylovestories.in
3162,animevost.org
3163,webs.com
3164,obozrevatel.com
3165,blogspot.cl
3166,cyol.com
3167,onlinesbh.com
3168,geforce.com
3169,proboards.com
3170,o2tvseries.com
3171,drakorindo.com
3172,biqle.ru
3173,buy123.com.tw
3174,cuny.edu
3175,squareup.com
3176,google.cd
3177,boc.cn
3178,prestashop.com
3179,olx.pt
3180,farfesh.com
3181,vq61355.com
3182,veporn.net
3183,tripadvisor.ru
3184,theglobeandmail.com
3185,rakuten-sec.co.jp
3186,dx.com
3187,mic.com
3188,ispot.news
3189,divxtotal.com
3190,trafficfactory.biz
3191,herb.co
3192,inoreader.com
3193,boardgamegeek.com
3194,dl-protecte.com
3195,unblockall.xyz
3196,jetblue.com
3197,persianv.com
3198,secondlife.com
3199,inep.gov.br
3200,thadinatin.com
3201,kolesa.kz
3202,sifyitest.com
3203,rawstory.com
3204,khan.co.kr
3205,ilgiornale.it
3206,forumcommunity.net
3207,todaypk.cz
3208,tripadvisor.es
3209,hi5.com
3210,aa.com.tr
3211,usg.edu
3212,niksalehi.com
3213,derstandard.at
3214,marmiton.org
3215,ubc.ca
3216,cashcapitalsystem.com
3217,freenet.de
3218,noticiaaldia.com
3219,ccb.com
3220,unc.edu
3221,diaforetiko.gr
3222,hk01.com
3223,liberation.fr
3224,toadgo.com
3225,rackspace.com
3226,ahrefs.com
3227,onelogin.com
3228,shopbop.com
3229,katcr.co
3230,at.ua
3231,feebee.com.tw
3232,cnyes.com
3233,msi.com
3234,secretsdujeu.com
3235,euronews.com
3236,e1.ru
3237,flipboard.com
3238,olx.ph
3239,up.nic.in
3240,arte.tv
3241,isohunt.to
3242,walmart.com.br
3243,mercadolibre.cl
3244,hugedomains.com
3245,hbogo.com
3246,adobeconnect.com
3247,teamtreehouse.com
3248,famitsu.com
3249,hupu.com
3250,skyscrapercity.com
3251,blomaga.jp
3252,mydrivers.com
3253,finecobank.com
3254,origo.hu
3255,lazada.vn
3256,leroymerlin.fr
3257,ultipro.com
3258,koha.net
3259,aarth.com
3260,spiceworks.com
3261,lifehacker.jp
3262,whatismyipaddress.com
3263,tgju.org
3264,band.us
3265,allmusic.com
3266,jst.go.jp
3267,glassdoor.co.in
3268,club-k.net
3269,origin.com
3270,nasdaq.com
3271,yify-torrent.org
3272,ipko.pl
3273,kijiji.it
3274,footlocker.com
3275,hani.co.kr
3276,17173.com
3277,medicinenet.com
3278,yepi.com
3279,hackerrank.com
3280,aarp.org
3281,staseraintv.com
3282,eclipse.org
3283,iltalehti.fi
3284,ucdavis.edu
3285,eslamoda.com
3286,ning.com
3287,ulta.com
3288,beautyexchange.com.hk
3289,sabwap.com
3290,kerala.gov.in
3291,hqhole.com
3292,cabelas.com
3293,kommersant.ru
3294,gayboystube.com
3295,mydealz.de
3296,besoccer.com
3297,bigcartel.com
3298,seesaawiki.jp
3299,sony.com
3300,fararu.com
3301,vodafone.it
3302,baiducontent.com
3303,bbt.com
3304,sbi.co.in
3305,soy502.com
3306,cnbeta.com
3307,yumpu.com
3308,playnow.guru
3309,clickbank.com
3310,pccomponentes.com
3311,memurlar.net
3312,istruzione.it
3313,smarterpassword.com
3314,prizegrab.com
3315,cityheaven.net
3316,phoenixads.co.in
3317,ojooo.com
3318,jetstar.com
3319,tikona.in
3320,vivud.com
3321,toggl.com
3322,calculator.net
3323,stoiximan.gr
3324,cplusplus.com
3325,cah9ooy.bid
3326,telegraaf.nl
3327,ebay.ie
3328,myreadingmanga.info
3329,navitime.co.jp
3330,akhbarelyom.com
3331,umd.edu
3332,twitcasting.tv
3333,motherjones.com
3334,bbb.org
3335,jamnews.ir
3336,cheapoair.com
3337,cgg.gov.in
3338,gametop.com
3339,scoopwhoop.com
3340,aipai.com
3341,centurylink.com
3342,gravatar.com
3343,kickasstorrents.to
3344,lowyat.net
3345,studentdoctor.net
3346,pearson.com
3347,quidco.com
3348,princeton.edu
3349,bankersadda.com
3350,freemake.com
3351,jutarnji.hr
3352,monotaro.com
3353,project-free-tv.ch
3354,eleconomista.es
3355,fao.org
3356,bloglovin.com
3357,shaadi.com
3358,budsgunshop.com
3359,ubuntuforums.org
3360,vodafone.in
3361,film2movie.biz
3362,testonlinespeed.com
3363,sport-express.ru
3364,playbuzz.com
3365,lidl.de
3366,zoznam.sk
3367,ummy.net
3368,sportsdirect.com
3369,instiz.net
3370,lhtcdng.com
3371,gov.kz
3372,walla.co.il
3373,opendns.com
3374,gdeposylka.ru
3375,sensacine.com
3376,mxttrf.com
3377,hpe.com
3378,worldoftanks.eu
3379,ofpof.com
3380,azure.com
3381,imagevenue.com
3382,screencast.com
3383,exist.ru
3384,livestream.com
3385,shabdkosh.com
3386,optimum.net
3387,coupang.com
3388,juntadeandalucia.es
3389,cyberforum.ru
3390,a-static.com
3391,google.am
3392,laravel.com
3393,cyberciti.biz
3394,mangapanda.com
3395,cam.ac.uk
3396,buzzorange.com
3397,lifedaily.com
3398,enamad.ir
3399,worldofwarcraft.com
3400,xataka.com
3401,myworkdayjobs.com
3402,kotobank.jp
3403,ddanzi.com
3404,russiadress.ru
3405,javhihi.com
3406,tipsviral.org
3407,dardarkom.com
3408,sina.com
3409,pron.tv
3410,google.co.bw
3411,mystart.com
3412,nowvideo.sx
3413,signupgenius.com
3414,porndig.com
3415,dealabs.com
3416,exlibrisgroup.com
3417,rueducommerce.fr
3418,webassign.net
3419,vagas.com.br
3420,ford.com
3421,zarinpal.com
3422,redbus.in
3423,yifymovie.re
3424,inbox.lv
3425,realitykings.com
3426,wow.com
3427,carview.co.jp
3428,shein.com
3429,zf.fm
3430,media-serving.com
3431,po-kaki-to.com
3432,jvzoo.com
3433,laiguana.tv
3434,schoolloop.com
3435,sporcle.com
3436,amarujala.com
3437,metrotvnews.com
3438,lolking.net
3439,template.net
3440,hirufm.lk
3441,apps.wordpress.com
3442,shorte.st
3443,pornerbros.com
3444,zcool.com.cn
3445,onlylady.com
3446,pdfconverterhq.com
3447,geico.com
3448,mizuhobank.co.jp
3449,ay8ou8ohth.com
3450,inquisitr.com
3451,geektimes.ru
3452,downloadhelper.net
3453,naughtyamerica.com
3454,malaysia-fashion.my
3455,imvu.com
3456,shop-apotheke.com
3457,ijr.com
3458,balkanweb.com
3459,ss.lv
3460,westpac.com.au
3461,rocketnews24.com
3462,worldcat.org
3463,skrill.com
3464,verywell.com
3465,royfls.com
3466,lloydsbank.com
3467,wallpaperscraft.com
3468,freepik.es
3469,pornohub.su
3470,a8.net
3471,tinhte.vn
3472,shopstyle.com
3473,yourlust.com
3474,panasonic.jp
3475,lindotest.com
3476,usembassy.gov
3477,natwest.com
3478,foxporns.com
3479,usda.gov
3480,idope.se
3481,voluumtrk.com
3482,gsmhosting.com
3483,jpdress.com
3484,mercola.com
3485,masutabe.info
3486,smv.to
3487,easy2date.net
3488,ratemyprofessors.com
3489,ameli.fr
3490,ae.com
3491,nextlnk8.com
3492,cimbclicks.com.my
3493,evite.com
3494,texas.gov
3495,neiyi.tmall.com
3496,iceporn.com
3497,watchmygf.net
3498,ntv.com.tr
3499,esquire.com
3500,impots.gouv.fr
3501,yaske.ro
3502,starwoodhotels.com
3503,fujitsu.com
3504,dramafire.com
3505,riotgames.com
3506,xonline.tv
3507,bokuts.tmall.com
3508,khaosod.co.th
3509,funsafetab.com
3510,healthcare.gov
3511,dvdvideosoft.com
3512,sheypoor.com
3513,20min.ch
3514,gamestorrents.com
3515,newsit.gr
3516,lepoint.fr
3517,ti.com
3518,lesnumeriques.com
3519,rei.com
3520,k12.ca.us
3521,tamu.edu
3522,manta.com
3523,freshersworld.com
3524,telecomitalia.it
3525,1september.ru
3526,moneysavingexpert.com
3527,vecteezy.com
3528,donmai.us
3529,39o9mcr2.party
3530,mentalfloss.com
3531,hkinvy.ru
3532,laafoka.com
3533,tripod.com
3534,kurir.rs
3535,3dmgame.com
3536,exdynsrv.com
3537,v2ex.com
3538,hotwire.com
3539,consequenceofsound.net
3540,payscale.com
3541,stuff.co.nz
3542,iplayer.fm
3543,stubhub.com
3544,netvasco.com.br
3545,5tcgu99n.loan
3546,movizland.com
3547,goibibo.com
3548,rentalcars.com
3549,dpin26mobile.com
3550,trafficnetworkads.com
3551,ufl.edu
3552,cinemablend.com
3553,putlocker.ac
3554,mp3goo.com
3555,arabseed.com
3556,futbin.com
3557,careers360.com
3558,joyme.com
3559,aucfan.com
3560,shopee.tw
3561,dumpert.nl
3562,hubpages.com
3563,rabb.it
3564,jumia.com.eg
3565,agenziaentrate.gov.it
3566,namethatporn.com
3567,univision.com
3568,jobvite.com
3569,maha-media.com
3570,way2sms.com
3571,media-box.co
3572,demotywatory.pl
3573,extra.com.br
3574,unrealengine.com
3575,actcorp.in
3576,senate.gov
3577,guioteca.com
3578,javbus.com
3579,3bmeteo.com
3580,grosir-gaun.com
3581,medu.ir
3582,iefimerida.gr
3583,igg-games.com
3584,appannie.com
3585,idbibank.co.in
3586,adweek.com
3587,watchcartoonsonline.eu
3588,maxprofitcontrol.com
3589,creaders.net
3590,bet365.it
3591,07zq44y2tmru.xyz
3592,myshared.ru
3593,ycwb.com
3594,skyrock.com
3595,fragrantica.com
3596,lyst.com
3597,index-education.net
3598,egy.best
3599,liginc.co.jp
3600,couch-tuner.ag
3601,time.ir
3602,westernunion.com
3603,pluralsight.com
3604,wemakeprice.com
3605,ifttt.com
3606,2chan.net
3607,moudamepo.com
3608,quantomcoding.com
3609,cox.com
3610,pulzo.com
3611,retty.me
3612,javarchive.com
3613,gsu.edu
3614,moviegoat.com
3615,oanda.com
3616,blog.hu
3617,redbox.com
3618,jusbrasil.com.br
3619,wizzair.com
3620,powerschool.com
3621,mintmanga.com
3622,songspksongspk.audio
3623,mr-jatt.com
3624,zimbra.free.fr
3625,thrillist.com
3626,finalfantasyxiv.com
3627,msmtrakk21a.com
3628,mobutrafsrcms.com
3629,interpals.net
3630,lastpass.com
3631,cumhuriyet.com.tr
3632,jalopnik.com
3633,dailystar.co.uk
3634,wetter.de
3635,plala.or.jp
3636,dytt8.net
3637,elmawke3.com
3638,keepvidi.net
3639,gog.com
3640,cybozulive.com
3641,safaribooksonline.com
3642,macmillandictionary.com
3643,usgs.gov
3644,etnet.com.hk
3645,iwmf.ir
3646,wetalk.tw
3647,monsterindia.com
3648,blackhatworld.com
3649,sciencemag.org
3650,24smi.info
3651,onlinemultfilmy.ru
3652,facenama.com
3653,noonpresse.com
3654,bobibanking.com
3655,archdaily.com
3656,jiji.com
3657,www.gov.cn
3658,u-tokyo.ac.jp
3659,koidt1wn.bid
3660,tcs.com
3661,sportskeeda.com
3662,cifraclub.com.br
3663,tpsl-india.in
3664,sonymobile.com
3665,menshealth.com
3666,bdjobs.com
3667,cera.online
3668,weightwatchers.com
3669,venturebeat.com
3670,stihi.ru
3671,bilutv.com
3672,jcrew.com
3673,xhamsterlive.com
3674,ilacrehberi.com
3675,iltasanomat.fi
3676,irna.ir
3677,vppgamingnetwork.com
3678,wikidot.com
3679,mthai.com
3680,yale.edu
3681,sinaimg.cn
3682,linkwithin.com
3683,proxysite.com
3684,kakprosto.ru
3685,keywordtool.io
3686,viptube.com
3687,baby.tmall.com
3688,alphaporno.com
3689,wizards.com
3690,mataharimall.com
3691,genial.guru
3692,rutgers.edu
3693,vlive.tv
3694,csod.com
3695,shatel.ir
3696,eurosport.com
3697,204.12.226.68
3698,sony.jp
3699,goldhdtube.com
3700,nyc.gov
3701,fardanews.com
3702,arizona.edu
3703,theonion.com
3704,dubizzle.com
3705,follamigos.com
3706,hellporno.com
3707,wpmudev.org
3708,larepublica.pe
3709,tarafdari.com
3710,alarab.com
3711,onlainfilm.ucoz.ua
3712,vikatan.com
3713,payseal.com
3714,nj.com
3715,tinyurl.com
3716,bankia.es
3717,archive.is
3718,extreme-down.in
3719,scottrade.com
3720,google.co.mz
3721,fritz.box
3722,lacuerda.net
3723,livescores.com
3724,rutor.in
3725,serving-sys.com
3726,uwants.com
3727,keywordblocks.com
3728,nptel.ac.in
3729,appmedia.jp
3730,screenrant.com
3731,mastercard.com.au
3732,timesjobs.com
3733,tubepleasure.com
3734,saraiva.com.br
3735,sidecubes.com
3736,ekstrabladet.dk
3737,ameritrade.com
3738,france24.com
3739,delfi.lv
3740,qoo10.sg
3741,nii.ac.jp
3742,centrum.cz
3743,comenity.net
3744,badtameezdil.net
3745,seloger.com
3746,runescape.com
3747,bigmir.net
3748,pojoksatu.id
3749,filmy-wap.org
3750,groupme.com
3751,searchlock.com
3752,vslovetv.com
3753,smallseotools.com
3754,freeones.com
3755,dikx.gdn
3756,pearsoned.com
3757,oricon.co.jp
3758,myscore.com.ua
3759,hola.org
3760,rhymezone.com
3761,bizjournals.com
3762,alternativeto.net
3763,caranddriver.com
3764,zwaar.net
3765,hinet.net
3766,mystartsearch.com
3767,desire2learn.com
3768,befunky.com
3769,bazos.sk
3770,bankmandiri.co.id
3771,zh-tw.wordpress.com
3772,netbk.co.jp
3773,gamersky.com
3774,gq.com
3775,sbs.co.kr
3776,ye-mek.net
3777,gtbank.com
3778,lolskill.net
3779,15min.lt
3780,kmart.com
3781,blick.ch
3782,enstage.com
3783,joyreactor.cc
3784,williamhill.es
3785,shouji.tmall.com
3786,spaggiari.eu
3787,hearthpwn.com
3788,advancedpctools.com
3789,nick.com
3790,tinypic.com
3791,huomao.com
3792,retre.org
3793,thefuncoolstuff.com
3794,gosunoob.com
3795,scholastic.com
3796,aktuality.sk
3797,cosmo.ru
3798,litres.ru
3799,iza.ne.jp
3800,cas.sk
3801,finanzen.net
3802,minijuegos.com
3803,gazetevatan.com
3804,dict.cn
3805,lindaikejisblog.com
3806,sdamgia.ru
3807,itv.com
3808,yourporn.sexy
3809,filmesonlinehd11.cc
3810,zum.com
3811,magazineluiza.com.br
3812,koreaboo.com
3813,uci.edu
3814,acttv.in
3815,darbahora.com
3816,utarget.ru
3817,jjack56.com
3818,cloob.com
3819,recruit.co.jp
3820,ck12.org
3821,loc.gov
3822,laleggepertutti.it
3823,expressen.se
3824,chengdu.cn
3825,censor.net.ua
3826,downloadming.tv
3827,beatport.com
3828,subdivx.com
3829,mediaite.com
3830,cimaclub.com
3831,airbnb.co.uk
3832,itslearning.com
3833,indexmovie.xyz
3834,playoverwatch.com
3835,ecxtracking.com
3836,uc.cn
3837,fudan.edu.cn
3838,1plus1tv.ru
3839,parenting.com.tw
3840,finviz.com
3841,download-amigo.com
3842,konga.com
3843,meteo.gr
3844,nts.org.pk
3845,johnlewis.com
3846,adspredictiv.com
3847,saavn.com
3848,freepdfconvert.com
3849,washingtontimes.com
3850,interfax.ru
3851,recyclix.com
3852,aesoponline.com
3853,brightadnetwork.com
3854,techrepublic.com
3855,korea-clothing.net
3856,cint.com
3857,lokvel.ru
3858,16personalities.com
3859,businessdictionary.com
3860,pornoxo.com
3861,regions.com
3862,tureng.com
3863,record.pt
3864,sarzamindownload.com
3865,hamusoku.com
3866,uchicago.edu
3867,boxofficemojo.com
3868,r7.com
3869,zoosk.com
3870,malwarebytes.org
3871,cafebazaar.ir
3872,cineulagam.com
3873,megaresheba.ru
3874,movistar.es
3875,greenhouse.io
3876,omgpm.com
3877,nps.gov
3878,ganool.is
3879,banamex.com
3880,adslgate.com
3881,haber3.com
3882,hastidownload.biz
3883,mega.co.nz
3884,www.gob.mx
3885,fontspace.com
3886,commonhealth.com.tw
3887,ocn.ne.jp
3888,santabanta.com
3889,sonyliv.com
3890,lancers.jp
3891,indeed.fr
3892,lufthansa.com
3893,strawpoll.me
3894,compucalitv.com
3895,linguee.es
3896,www-searching.com
3897,3movs.com
3898,mamaclub.com
3899,grabon.in
3900,addiliate.com
3901,acer.com
3902,freecodecamp.com
3903,toptenreviews.com
3904,myprivatesearch.com
3905,younow.com
3906,cnnturk.com
3907,tubedupe.com
3908,fextralife.com
3909,linktender.net
3910,youtubeinmp4.com
3911,huffpostarabi.com
3912,javpop.com
3913,91jm.com
3914,sexu.com
3915,git-scm.com
3916,tableau.com
3917,topwar.ru
3918,viadeo.com
3919,yatra.com
3920,anime-sharing.com
3921,pingdom.com
3922,dmkt-sp.jp
3923,firestorage.jp
3924,netdna-cdn.com
3925,hesport.com
3926,alquds.com
3927,avaaz.org
3928,iptorrents.com
3929,theqoo.net
3930,ogone.com
3931,education.com
3932,anakbnet.com
3933,telstra.com.au
3934,bpi.ir
3935,dochub.com
3936,papajohns.com
3937,xapo.com
3938,autoscout24.it
3939,dnvod.eu
3940,saisoncard.co.jp
3941,airbnb.fr
3942,funshopfun.com
3943,tfl.gov.uk
3944,theih1w.top
3945,letyshops.ru
3946,wholesale-dress.co.in
3947,samehadaku.net
3948,heydouga.com
3949,material.io
3950,studopedia.ru
3951,wegotmedia.co
3952,familysearch.org
3953,comdotgame.com
3954,shaneless.com
3955,mackolik.com
3956,vatanbilgisayar.com
3957,huffingtonpost.it
3958,ruyaanlami.com
3959,pornolaba.com
3960,code.org
3961,anandabazar.com
3962,mint.com
3963,hdkinohit.net
3964,symbolab.com
3965,fmuxugcqucuu.com
3966,720pizle.com
3967,mediamarkt.es
3968,dongtw.com
3969,ebrun.com
3970,rincondelvago.com
3971,joomla.org
3972,spring.io
3973,olx.co.za
3974,rzd.ru
3975,elyomnews.com
3976,immowelt.de
3977,alza.cz
3978,yes24.com
3979,symantec.com
3980,maturemoms.tv
3981,easports.com
3982,periscope.tv
3983,livelib.ru
3984,privat24.ua
3985,smbc.co.jp
3986,fas.li
3987,vercomicsporno.com
3988,bigfishgames.com
3989,nipic.com
3990,thaidress-wholesale.com
3991,usuncut.com
3992,hackstore.net
3993,b92.net
3994,hua.tmall.com
3995,footmercato.net
3996,medi1tv.com
3997,alfabank.ru
3998,nguoiduatin.vn
3999,gfarchive.com
4000,russianfood.com
4001,probiller.com
4002,hatelabo.jp
4003,utah.edu
4004,canalblog.com
4005,muvflix.com
4006,futbol24.com
4007,maharashtra.gov.in
4008,ohmynews.com
4009,fixya.com
4010,ap2tg.com
4011,pornsharing.com
4012,oneplus.net
4013,successfactors.eu
4014,tvarticles.me
4015,comicbook.com
4016,24sata.hr
4017,tusfiles.net
4018,carwale.com
4019,kookporn.com
4020,dietlast.com
4021,consumerreports.org
4022,car.tmall.com
4023,paparazzieg.com
4024,luckysearch123.com
4025,watch.tmall.com
4026,tn.gov.in
4027,seosprint.net
4028,ncsu.edu
4029,jd.id
4030,extremetube.com
4031,easybib.com
4032,mydirtyhobby.com
4033,doisongphapluat.com
4034,loverslab.com
4035,ecuavisa.com
4036,kyoto-u.ac.jp
4037,poloniex.com
4038,realtor.ca
4039,perdos.info
4040,javhd.com
4041,tororango.com
4042,hypebeast.com
4043,jstv.com
4044,krone.at
4045,d1ev.com
4046,barstoolsports.com
4047,irannaz.com
4048,worldofwarships.eu
4049,soltana.ma
4050,netacad.com
4051,addtoany.com
4052,dv37.com
4053,loginfaster.com
4054,sanjesh.org
4055,transaccionesbancolombia.com
4056,pierces.xyz
4057,shopathome.com
4058,zemtv.com
4059,animeai.net
4060,oi.com.br
4061,sofascore.com
4062,solicita.info
4063,dizipub.com
4064,olx.uz
4065,bostonglobe.com
4066,glaz.tv
4067,algornalgy.com
4068,theadvocate.com
4069,trang-phuc.com
4070,transfermarkt.de
4071,m.tmall.com
4072,babyblog.ru
4073,wolfram.com
4074,campaign-archive2.com
4075,swiki.jp
4076,wuso.me
4077,dizibox1.com
4078,chuandong.com
4079,lyricstranslate.com
4080,chinaoffvv.com
4081,weathernews.jp
4082,popkade.ir
4083,hamaratabla.com
4084,serialssolutions.com
4085,teespring.com
4086,afip.gob.ar
4087,xpg.uol.com.br
4088,jooble.org
4089,divyabhaskar.co.in
4090,elespanol.com
4091,livechatinc.com
4092,adcash.com
4093,xiu.com
4094,rightel.ir
4095,slrclub.com
4096,unisa.ac.za
4097,gigya.com
4098,rapidtables.com
4099,vidtomp3.com
4100,starbucks.com
4101,panzoid.com
4102,brother.com
4103,guenstigkleidung.de
4104,nanzhuang.tmall.com
4105,filehoslguru.com
4106,skidrowreloaded.com
4107,wechat.com
4108,876501.com
4109,e621.net
4110,sagawa-exp.co.jp
4111,angularjs.org
4112,ah-me.com
4113,nationwide.co.uk
4114,wa.gov
4115,rs-online.com
4116,aftership.com
4117,anadolu.edu.tr
4118,gq.com.tw
4119,tv.com
4120,rsc.org
4121,paultan.org
4122,adveric.net
4123,playing.today
4124,playgroundmag.net
4125,faceit.com
4126,ut.ac.ir
4127,pictaram.com
4128,laprensa.com.ni
4129,banesco.com
4130,net-a-porter.com
4131,bluewin.ch
4132,atozmanuals.com
4133,animaljam.com
4134,twirpx.com
4135,autoblog.com
4136,vogue.com
4137,emedemujer.com
4138,mediametrics.ru
4139,irpopup.ir
4140,runetki.com
4141,zipbr.com
4142,cia.gov
4143,gadgetsnow.com
4144,foxsportsgo.com
4145,dai.tmall.com
4146,ethz.ch
4147,ustream.tv
4148,bag.tmall.com
4149,bol.com
4150,pcstore.com.tw
4151,cont.ws
4152,torrent-games.net
4153,kds0008.cc
4154,airdroid.com
4155,gdz.ru
4156,focus.cn
4157,acm.org
4158,virginia.edu
4159,fbdown.net
4160,upsc.gov.in
4161,searchdconvertnow.com
4162,tooxclusive.com
4163,mgtv.com
4164,roosterteeth.com
4165,futurelearn.com
4166,statista.com
4167,coocan.jp
4168,gethelpworldwide.com
4169,thewindowsclub.com
4170,ole.com.ar
4171,9anime.to
4172,yapo.cl
4173,eroshare.com
4174,sponichi.co.jp
4175,phimbathu.com
4176,pozdravok.ru
4177,thairath.co.th
4178,nttdocomo.co.jp
4179,coinmarketcap.com
4180,fakt.pl
4181,wholesale-dress.com.pt
4182,kataweb.it
4183,campaign-archive1.com
4184,povarenok.ru
4185,ticketmonster.co.kr
4186,apkmirror.com
4187,iece1vi.top
4188,scientificamerican.com
4189,g10gaming.com
4190,nvxie.tmall.com
4191,skyscanner.com
4192,ooreka.fr
4193,sport-fm.gr
4194,pathofexile.com
4195,mapsofindia.com
4196,jofogas.hu
4197,movistarplus.es
4198,panasonic.com
4199,feiren.com
4200,aktualne.cz
4201,tutu.ru
4202,sarvgyan.com
4203,bollywoodshaadis.com
4204,navient.com
4205,mirrorcreator.com
4206,ashleymadison.com
4207,librus.pl
4208,theknot.com
4209,topky.sk
4210,skidrow-games.com
4211,vietnamnet.vn
4212,streamlabs.com
4213,fdj.fr
4214,gatech.edu
4215,experts-exchange.com
4216,nanxie.tmall.com
4217,reklama5.mk
4218,proquest.com
4219,vidal.fr
4220,advertserve.com
4221,didoti.com
4222,sep.gob.mx
4223,linuxmint.com
4224,aemet.es
4225,tupaki.com
4226,qwant.com
4227,r10.net
4228,maxpreps.com
4229,otakukart.com
4230,tesla.com
4231,songkick.com
4232,jwplayer.com
4233,cnnic.cn
4234,mhoninoticias.com
4235,sport.pl
4236,saturn.de
4237,technews.tw
4238,btime.com
4239,panda.tv
4240,mci.ir
4241,netgear.com
4242,camwhores.tv
4243,swedbank.se
4244,kotak.com
4245,freee.co.jp
4246,aladin.co.kr
4247,payumoney.com
4248,unzipper.com
4249,livecareer.com
4250,zap2it.com
4251,flightaware.com
4252,dota2.ru
4253,ldlc.com
4254,nordstromrack.com
4255,sf-express.com
4256,wholesale-dress.it
4257,litv.tv
4258,qld.gov.au
4259,bigbangnews.com
4260,fivethirtyeight.com
4261,boston.com
4262,mp3juices.cc
4263,woocommerce.com
4264,car.gr
4265,zalando.fr
4266,akb48matomemory.com
4267,americasfreedomfighters.com
4268,osym.gov.tr
4269,cleartrip.com
4270,hsn.com
4271,altsantiri.gr
4272,box.net
4273,teamwork.com
4274,translated.net
4275,megafilmesonline.net
4276,thestar.com
4277,peopleperhour.com
4278,arablionz.tv
4279,imgflip.com
4280,capterra.com
4281,theage.com.au
4282,fanpage.it
4283,tro-ma-ktiko.blogspot.gr
4284,join.me
4285,direct.gov.uk
4286,mediaplex.com
4287,torlock.com
4288,all.biz
4289,retrip.jp
4290,freshnewsasia.com
4291,n4hr.com
4292,pengpeng.com
4293,buzzadexchange.com
4294,njuskalo.hr
4295,driverscape.com
4296,turkishairlines.com
4297,vikiporn.com
4298,abebooks.com
4299,ideacellular.com
4300,minube.com
4301,book.tmall.com
4302,seemorgh.com
4303,kismia.com
4304,akiba-online.com
4305,hizliresim.com
4306,osu.edu
4307,gmx.at
4308,elbadil.com
4309,coinmill.com
4310,main.jp
4311,servedbytrackingdesk.com
4312,ads.diamonds
4313,lolnexus.com
4314,myutiitsl.com
4315,ef.com
4316,ifensi.com
4317,onenote.com
4318,jiji.ng
4319,manga-zip.net
4320,indgovtjobs.in
4321,th3professional.com
4322,tawk.to
4323,athome.co.jp
4324,licindia.in
4325,showroomprive.com
4326,moe.gov.my
4327,tododiarios.com
4328,hqtube.xxx
4329,endclothing.com
4330,batmanstream.com
4331,scoobywhoop.com
4332,wikimapia.org
4333,sweetwater.com
4334,oxu.az
4335,porno365.info
4336,laracasts.com
4337,va.gov
4338,warcraftlogs.com
4339,sakura.ad.jp
4340,114la.com
4341,reporterlive.com
4342,click108.com.tw
4343,google.al
4344,elperiodico.com
4345,csgolounge.com
4346,unwire.hk
4347,payeer.com
4348,sleazyneasy.com
4349,groupon.it
4350,yaraon-blog.com
4351,sports.tmall.com
4352,digi24.ro
4353,sport.cz
4354,myplaycity.com
4355,fastcompany.com
4356,tbs.co.jp
4357,techsmith.com
4358,google.sn
4359,byu.edu
4360,gouv.qc.ca
4361,pornktube.com
4362,google.mg
4363,publico.es
4364,avxhome.se
4365,gazetablic.com
4366,svyaznoy.ru
4367,infojobs.com.br
4368,radiorage.com
4369,realclearpolitics.com
4370,hangseng.com
4371,tn.com.ar
4372,latam.com
4373,mensxp.com
4374,nwolb.com
4375,shoutmeloud.com
4376,tjxsm.tmall.com
4377,rankingsandreviews.com
4378,pichunter.com
4379,lacasadelcurioso.com
4380,click2tap.com
4381,totalsportek.com
4382,cj.com
4383,flowlz.com
4384,minecraftskins.com
4385,ch.com
4386,dramaq.biz
4387,pudelek.pl
4388,denizhaber.com.tr
4389,indianpornvideos.com
4390,prnewswire.com
4391,walmart.ca
4392,news-us.jp
4393,vklass.se
4394,clicrbs.com.br
4395,alrakoba.net
4396,deadline.com
4397,soft112.com
4398,space.com
4399,collegehumor.com
4400,animeid.tv
4401,wufoo.com
4402,spokeo.com
4403,nileportal.com
4404,draxe.com
4405,444.hu
4406,bambori.ru
4407,gramblr.com
4408,zryydi.com
4409,searchinme.com
4410,asos.fr
4411,dailypost.wordpress.com
4412,lexilogos.com
4413,wifi.id
4414,tabloidbintang.com
4415,sigmalive.com
4416,journaldunet.com
4417,pagseguro.uol.com.br
4418,wt.tmall.com
4419,tsetmc.com
4420,izlesene.com
4421,huffingtonpost.es
4422,bancomercantil.com
4423,khabarfarsi.com
4424,apne.tv
4425,traveloka.com
4426,goglogo.com
4427,tvp.pl
4428,olymptrade-promo.com
4429,ceskatelevize.cz
4430,looper.com
4431,intellicast.com
4432,mailerlite.com
4433,uproxx.com
4434,kabum.com.br
4435,katestube.com
4436,lodynet.com
4437,t.me
4438,daily.co.jp
4439,adam4adam.com
4440,jpn.org
4441,pdfonline.com
4442,fotocasa.es
4443,workable.com
4444,syri.net
4445,huffingtonpost.co.uk
4446,skynewsarabia.com
4447,elnuevodiario.com.ni
4448,bu.edu
4449,ssconline.nic.in
4450,vibbo.com
4451,macrojuegos.com
4452,anipo.jp
4453,ucl.ac.uk
4454,culturacolectiva.com
4455,to8to.com
4456,agisdayra.com
4457,pornoid.com
4458,newtabtvsearch.com
4459,archlinux.org
4460,riafan.ru
4461,blogspot.com.ng
4462,srv2trking.com
4463,videoupload.space
4464,h56pins.com
4465,q8yat.com
4466,patoghu.com
4467,mobilemovies.me
4468,slideplayer.com
4469,buy.tmall.com
4470,managebac.com
4471,moonbit.co.in
4472,crowdfireapp.com
4473,curp.gob.mx
4474,amazon.com.br
4475,niniban.com
4476,vivo.com.br
4477,wimp.com
4478,arah.com
4479,sciencealert.com
4480,pushcrew.com
4481,scambioetico.org
4482,vulture.com
4483,bwin.com
4484,mysynchrony.com
4485,ixquick.com
4486,absa.co.za
4487,e-reading.club
4488,duke.edu
4489,sextubefuck.com
4490,business-standard.com
4491,wondershare.net
4492,piazza.com
4493,manuscriptcentral.com
4494,infinitecampus.org
4495,gradeup.co
4496,123moviesfree.com
4497,tweakers.net
4498,boulanger.com
4499,babylon.com
4500,konbini.com
4501,channel4.com
4502,trinixy.ru
4503,poki.com
4504,vietcombank.com.vn
4505,bazos.cz
4506,jawharafm.net
4507,karapaia.com
4508,thefappening.so
4509,wyylde.com
4510,tvb.com
4511,say-move.org
4512,italia-film.me
4513,healthgrades.com
4514,znds.com
4515,counter-strike.net
4516,altadefinizione.cafe
4517,lineblog.me
4518,androidfilehost.com
4519,fucktonite.com
4520,newspicks.com
4521,gamy.jp
4522,doutissima.com.br
4523,virustotal.com
4524,systemrequirementslab.com
4525,dawnnews.tv
4526,stickyday.com
4527,freshbooks.com
4528,lolcounter.com
4529,yournewswire.com
4530,theepochtimes.com
4531,biji.co
4532,mystartab.com
4533,share-videos.se
4534,medthai.com
4535,mangago.me
4536,enotes.com
4537,nieuwsblad.be
4538,booloo.com
4539,iporntv.net
4540,marinetraffic.com
4541,blogmura.com
4542,ctrip.com
4543,tradownload.co
4544,99acres.com
4545,anchorfree.us
4546,torrentunblock.com
4547,tamindir.com
4548,radiko.jp
4549,standardchartered.com
4550,trueactivist.com
4551,collabserv.com
4552,vitalsource.com
4553,lci.fr
4554,sexpulse.tv
4555,neimanmarcus.com
4556,link.tl
4557,justjared.com
4558,list-manage1.com
4559,8drama.com
4560,rdsa2014.com
4561,comandofilmes.net
4562,tonarinoyj.jp
4563,strawberrynet.com
4564,researchnow.com
4565,upworthy.com
4566,computerbase.de
4567,mhlw.go.jp
4568,clickme.net
4569,kukudas.com
4570,gopro.com
4571,techwalla.com
4572,hotelscombined.com
4573,topkickass.com
4574,takhfifan.com
4575,rusplt.info
4576,teoma.com
4577,ngs.ru
4578,lachainemeteo.com
4579,animeflv.me
4580,estadao.com.br
4581,themuse.com
4582,ammonnews.net
4583,google.com.qa
4584,bsnl.co.in
4585,japannetbank.co.jp
4586,lifesmi.com
4587,vkmag.com
4588,hmrc.gov.uk
4589,pr.gov.br
4590,hvg.hu
4591,theintercept.com
4592,merrjep.com
4593,8muses.com
4594,hello-cloudy.tumblr.com
4595,bigcommerce.com
4596,milenio.com
4597,activehosted.com
4598,nex1music.ir
4599,expatriates.com
4600,sextubeset.com
4601,mismarcadores.com
4602,filmifullizle.org
4603,createspace.com
4604,lefrecce.it
4605,depositfiles.com
4606,powvideo.net
4607,youndoo.com
4608,meow-share.com
4609,swzz.xyz
4610,snagajob.com
4611,kseries.co
4612,eobot.com
4613,trivago.com
4614,hrloo.com
4615,telecinco.es
4616,24.hu
4617,meneame.net
4618,wrike.com
4619,free3dadultgames.com
4620,neteller.com
4621,trenitalia.com
4622,therichest.com
4623,filmywap.desi
4624,steamgifts.com
4625,sigmaaldrich.com
4626,betano.com
4627,mobikwik.com
4628,popularmechanics.com
4629,carsensor.net
4630,podio.com
4631,patient.info
4632,raiffeisen.at
4633,macworld.co.uk
4634,gamestar.de
4635,bible.com
4636,thetrainline.com
4637,viralcpm.com
4638,watch8x.com
4639,bdupload.info
4640,1001freefonts.com
4641,mobon.com
4642,stockcharts.com
4643,ed.ac.uk
4644,pop-music.ir
4645,keeplinks.eu
4646,gigafile.nu
4647,perfectmoney.is
4648,wantedly.com
4649,newsweek.com
4650,dl-xvideos.com
4651,pokemon.com
4652,openoffice.org
4653,gsis.gr
4654,elle.com
4655,dwarozh.net
4656,santander.com.br
4657,taxheaven.gr
4658,nodejs.org
4659,cgpersia.com
4660,cinemalek.com
4661,cibercuba.com
4662,pdfconverterhq.appspot.com
4663,teratail.com
4664,conrad.de
4665,privalia.com
4666,news247.gr
4667,linkmyc.com
4668,siemens.com
4669,gocomics.com
4670,torrentfunk.com
4671,wikiquote.org
4672,digitalspy.com
4673,dailyqudrat.com
4674,dailydot.com
4675,tipico.de
4676,libertaddigital.com
4677,o2online.de
4678,huffingtonpost.kr
4679,email.cz
4680,foozine.com
4681,tripadvisor.ca
4682,com-br.site
4683,ucsb.edu
4684,obligao.com
4685,tvboxnow.com
4686,iol.pt
4687,mercadolibre.com.pe
4688,rojadirecta.eu
4689,goldesel.to
4690,google.com.pg
4691,eurosport.ru
4692,livemint.com
4693,transferhit.com
4694,tvsubtitles.net
4695,hdsexdino.com
4696,weitainet.com
4697,enjoydressup.com
4698,hotnews.ro
4699,featuresmag.com
4700,asiae.co.kr
4701,aviasales.ru
4702,12up.com
4703,ucweb.com
4704,healthunlocked.com
4705,pornbb.org
4706,surfsecured.net
4707,pontofrio.com.br
4708,kariyer.net
4709,doktortakvimi.com
4710,givingsol.com
4711,newpost.gr
4712,wordhippo.com
4713,ea3w.com
4714,eurogamer.net
4715,bleepingcomputer.com
4716,stoloto.ru
4717,meritnation.com
4718,washwasha.org
4719,telugu360.com
4720,ebaumsworld.com
4721,sportmaster.ru
4722,zalando.it
4723,feide.no
4724,yourbittorrent.com
4725,pronews.gr
4726,helpcenter.tmall.com
4727,turktelekom.com.tr
4728,banki.ru
4729,bookdepository.com
4730,laptopmag.com
4731,watchepisodeseries.com
4732,nos.nl
4733,kasamterepyaarki.com
4734,kbs.co.kr
4735,rssing.com
4736,nchsoftware.com
4737,eprice.com.tw
4738,northwestern.edu
4739,biblestudytools.com
4740,totaljobs.com
4741,klm.com
4742,cra-arc.gc.ca
4743,tripadvisor.jp
4744,d93gameplay.com
4745,vmall.com
4746,muyzorras.com
4747,bakecaincontrii.com
4748,telangana.gov.in
4749,gsm.ir
4750,guitarcenter.com
4751,iu.edu
4752,stirileprotv.ro
4753,mnrate.com
4754,hjenglish.com
4755,nerdwallet.com
4756,tv8.com.tr
4757,raagtune.com
4758,winbank.gr
4759,hankyung.com
4760,kddi.com
4761,distractify.com
4762,golem.de
4763,redbull.com
4764,staff.tumblr.com
4765,ksu.edu.sa
4766,dogpile.com
4767,greasyfork.org
4768,webofknowledge.com
4769,kanoon.ir
4770,cuevana2.tv
4771,soccervista.com
4772,softonic.com.br
4773,tripadvisor.de
4774,shinobi.jp
4775,allbest.ru
4776,standardbank.co.za
4777,csc.gov.in
4778,d0z4gwv7.webcam
4779,textnow.com
4780,toluna.com
4781,avnori.com
4782,mlsmatrix.com
4783,oload.tv
4784,mappy.com
4785,hdblog.it
4786,casadellibro.com
4787,worldpay.com
4788,commonapp.org
4789,msmtrakk06d.com
4790,tre.it
4791,alibaba-inc.com
4792,p30world.com
4793,enjin.com
4794,adscale.de
4795,121ware.com
4796,stream2watch.cc
4797,mako.co.il
4798,best-muzon.me
4799,biccamera.com
4800,taxact.com
4801,plos.org
4802,alfavita.gr
4803,ilmessaggero.it
4804,persiantools.com
4805,elespectador.com
4806,apartments.com
4807,digiato.com
4808,thestorypedia.com
4809,bbcgoodfood.com
4810,maam.ru
4811,getchu.com
4812,sellfy.com
4813,wowprogress.com
4814,hatenadiary.jp
4815,ahram.org.eg
4816,djpunjab.com
4817,cricfree.sc
4818,governmentjobs.com
4819,afisha.ru
4820,playsport.cc
4821,with2.net
4822,ehowenespanol.com
4823,linkis.com
4824,etorrent.kr
4825,iminent.com
4826,mt.co.kr
4827,baby.ru
4828,germany.ru
4829,cic.fr
4830,shaanig.org
4831,3yonnews.com
4832,standard.co.uk
4833,bloomingdales.com
4834,treccani.it
4835,frys.com
4836,independent.ie
4837,thetoptens.com
4838,alamy.com
4839,goodstuffbuzz.com
4840,topuniversities.com
4841,senego.com
4842,translate.ru
4843,searchsafe.co
4844,lunapic.com
4845,qyer.com
4846,filefactory.com
4847,anetwork.ir
4848,wowmusix.com
4849,uservoice.com
4850,bootsnipp.com
4851,k12.wi.us
4852,bodmillenium.com
4853,thestreet.com
4854,yahoo-mbga.jp
4855,classiccars.com
4856,xvideo-jp.com
4857,blesk.cz
4858,gobizkorea.com
4859,nessma.tv
4860,payza.com
4861,debian.org
4862,cgpeers.com
4863,goud.ma
4864,1fardadownload.net
4865,kbn-live.com
4866,cpanel.net
4867,pracuj.pl
4868,currys.co.uk
4869,songsterr.com
4870,warriorforum.com
4871,thesims.com
4872,manithan.com
4873,property24.com
4874,watchonlinemovies.com.pk
4875,redtubelive.com
4876,filmey.tv
4877,mp3party.net
4878,akinator.com
4879,ikman.lk
4880,kimcurlrvsms.com
4881,ingbank.pl
4882,dbs.com.sg
4883,kidshealth.org
4884,jhu.edu
4885,house.gov
4886,movavi.com
4887,aufeminin.com
4888,semanticscholar.org
4889,thenationonlineng.net
4890,91porn.com
4891,gamejolt.com
4892,timesofmalta.com
4893,gomaji.com
4894,deloitte.com
4895,porngames.adult
4896,aragontrack.com
4897,ooo-sex.com
4898,familytreenow.com
4899,bobfilm.club
4900,shglegle.com
4901,nationalreview.com
4902,grubhub.com
4903,ridiculously.com
4904,mongodb.com
4905,arcgis.com
4906,powtoon.com
4907,gezginler.net
4908,suruga-ya.jp
4909,gencat.cat
4910,diariodelweb.it
4911,jjwxc.net
4912,giallozafferano.it
4913,mxtoolbox.com
4914,clubpenguin.com
4915,pmhotnews.com
4916,michaels.com
4917,isubtitles.net
4918,myschoolapp.com
4919,nnm.me
4920,taroot-rangi.com
4921,ipage.com
4922,smitehighlight.com
4923,123.com.cn
4924,auto.ru
4925,jxnews.com.cn
4926,thestandnews.com
4927,yadi.sk
4928,surveygizmo.com
4929,morningstar.com
4930,careersatchase.com
4931,reviewjournal.com
4932,stepstone.de
4933,adevarul.ro
4934,filmon.com
4935,segodnya.ua
4936,couch-tuner.city
4937,ricardo.ch
4938,digistyle.com
4939,kimiss.com
4940,3dnews.ru
4941,alef.ir
4942,poe.trade
4943,berliner-sparkasse.de
4944,torrentday.com
4945,webry.info
4946,mk.co.kr
4947,pravda.com.ua
4948,escapadarural.com
4949,liul.net
4950,tineye.com
4951,santandernet.com.br
4952,stockisti.com
4953,collinsdictionary.com
4954,netvibes.com
4955,futura-sciences.com
4956,samlib.ru
4957,pornharmony.com
4958,eurostreaming.co
4959,tvspielfilm.de
4960,pcdiy.com.tw
4961,tenforums.com
4962,smashingmagazine.com
4963,000webhost.com
4964,rstyle.me
4965,tushkan.club
4966,takhatif.com
4967,defimedia.info
4968,holdlacs.com
4969,loteriasyapuestas.es
4970,mafengwo.cn
4971,iobnet.co.in
4972,baomoi.com
4973,gogoanime.tv
4974,addmefast.com
4975,bitcointalk.org
4976,realsimple.com
4977,shareae.com
4978,mobile.ir
4979,mcgill.ca
4980,suamusica.com.br
4981,mlit.go.jp
4982,pciconcursos.com.br
4983,gametracker.com
4984,alaraby.co.uk
4985,alwatanvoice.com
4986,lurkmore.to
4987,tickld.com
4988,idokep.hu
4989,ipsosinteractive.com
4990,cloudapp.net
4991,tdcanadatrust.com
4992,sumra.net
4993,rtl.fr
4994,diep.io
4995,heroku.com
4996,vtrahe.porn
4997,mp3take.mobi
4998,somosmovies.com
4999,srf.ch
5000,wikisource.org
5001,inosmi.ru
5002,nordea.fi
5003,mp4upload.com
5004,dobreprogramy.pl
5005,whatmobile.com.pk
5006,nigeria-mmm.net
5007,yan.vn
5008,tvklan.al
5009,sport1.de
5010,redsys.es
5011,trendyol.com
5012,akamaized.net
5013,twipple.jp
5014,vg247.com
5015,huffingtonpost.ca
5016,miniinthebox.com
5017,fastweb.it
5018,bershka.com
5019,fontsquirrel.com
5020,adafruit.com
5021,playcast.ru
5022,tgbus.com
5023,tvu.ac.ir
5024,echoroukonline.com
5025,elma3lomaa.com
5026,pcwelt.de
5027,calculatorsoup.com
5028,hattrick.org
5029,media.wix.com
5030,elkhadra.com
5031,nseindia.com
5032,doda.jp
5033,telerik.com
5034,arcor.de
5035,lifescript.com
5036,avon.com
5037,googlesyndication.com
5038,careerpark.jp
5039,cainiao.com
5040,youmaker.com
5041,cybersource.com
5042,tvrain.ru
5043,hotnine9.com
5044,maduradas.com
5045,hometalk.com
5046,j-cast.com
5047,portaleargo.it
5048,dirtypornvids.com
5049,virtualbox.org
5050,horriblesubs.info
5051,barisderin.com
5052,lbj.tw
5053,36kr.com
5054,xmusik.me
5055,icdrama.se
5056,jobsdb.com
5057,goldcarpet.cn
5058,delish.com
5059,youla.io
5060,game8.jp
5061,sprashivai.ru
5062,eventbrite.co.uk
5063,ivoox.com
5064,mazika2day.com
5065,tune.pk
5066,gentside.com
5067,jobkorea.co.kr
5068,ctvnews.ca
5069,wapka.me
5070,curseforge.com
5071,nudevista.tv
5072,egehaber.com
5073,liontravel.com
5074,hosyusokuhou.jp
5075,kinja.com
5076,vt.edu
5077,weatherblink.com
5078,animenewsnetwork.com
5079,webmasterplan.com
5080,never2date.com
5081,sc.com
5082,world4ufree.ws
5083,parimatch.com
5084,awwwards.com
5085,locopelis.com
5086,diario.mx
5087,docomo.ne.jp
5088,addic7ed.com
5089,rule34.xxx
5090,ilaiki.net
5091,myfedloan.org
5092,almesryoon.com
5093,al-marsd.com
5094,espnfc.us
5095,bancosantander.es
5096,jotform.com
5097,share-online.biz
5098,e-monsite.com
5099,domain.com.au
5100,cooltext.com
5101,magicbricks.com
5102,gold678.com
5103,videoblocks.com
5104,celebjihad.com
5105,elnoticiero.com.ec
5106,googleplex.com
5107,meishichina.com
5108,metrodeal.com
5109,lifo.gr
5110,befuck.com
5111,angular.io
5112,hdfilme.tv
5113,manototv.com
5114,khaberni.com
5115,upsconline.nic.in
5116,cityadspix.com
5117,foxbusiness.com
5118,vehiclehistory.com
5119,saksfifthavenue.com
5120,reed.co.uk
5121,aeroflot.ru
5122,autozone.com
5123,weforum.org
5124,wankoz.com
5125,hindimoviesonline.site
5126,livetvcdn.net
5127,libreoffice.org
5128,ferret-plus.com
5129,sine.com.br
5130,matomeantena.com
5131,lapresse.ca
5132,win007.com
5133,mcgraw-hill.com
5134,htmlpublish.com
5135,mlive.com
5136,epa.gov
5137,waveapps.com
5138,91mobiles.com
5139,sparkasse.at
5140,wangtu.com
5141,animelek.com
5142,techspot.com
5143,geniusdisplay.com
5144,google.co.ke
5145,justanswer.com
5146,meinestadt.de
5147,goindigo.in
5148,5giay.vn
5149,sabavision.com
5150,jio.com
5151,desjardins.com
5152,worldfree4u.lol
5153,irancell.ir
5154,windowscentral.com
5155,anjuke.com
5156,jawabkom.com
5157,cubadebate.cu
5158,digikey.com
5159,jmty.jp
5160,gva.es
5161,nextdirect.com
5162,tattoodo.com
5163,gnu.org
5164,mahaonline.gov.in
5165,dnaindia.com
5166,noa.al
5167,local-finders.com
5168,synology.com
5169,sapog.online
5170,misionesonline.net
5171,blankrefer.com
5172,pbworks.com
5173,cardekho.com
5174,auspost.com.au
5175,agame.com
5176,weather.gc.ca
5177,mybigcommerce.com
5178,c-sharpcorner.com
5179,everychina.com
5180,movixhub.com
5181,computerhoy.com
5182,filmesonlinex.net
5183,alimama.com
5184,afrikmag.com
5185,thumbtack.com
5186,ntu.edu.tw
5187,espnfc.com
5188,decolar.com
5189,sheknows.com
5190,gossiplankanews.com
5191,listentoyoutube.com
5192,calameo.com
5193,patrika.com
5194,tv2.dk
5195,colissimo.fr
5196,surrenderat20.net
5197,boohoo.com
5198,cwtv.com
5199,javhub.net
5200,alaskaair.com
5201,onelife.eu
5202,mangatown.com
5203,just-eat.co.uk
5204,epicurious.com
5205,delta-search.com
5206,statefarm.com
5207,rabobank.nl
5208,majestic.com
5209,creditonebank.com
5210,jobartis.com
5211,uspto.gov
5212,teachable.com
5213,pizzahut.com
5214,audiojungle.net
5215,grancursosonline.com.br
5216,desmix.net
5217,winzip.com
5218,cam4.es
5219,rk.com
5220,dzone.com
5221,radiofarda.com
5222,knowable.com
5223,hdmoviespoint.info
5224,jisho.org
5225,canon.com
5226,dailyuploads.net
5227,ibtimes.co.in
5228,backchina.com
5229,xjtour.com
5230,oxfordlearnersdictionaries.com
5231,tonicmovies.com
5232,brainly.co.id
5233,computrabajo.com.co
5234,fox.com
5235,bgr.com
5236,ceconline.com
5237,tampermonkey.net
5238,showtv.com.tr
5239,tirto.id
5240,warthunder.com
5241,lingualeo.com
5242,wistia.com
5243,tubeoffline.com
5244,disp.cc
5245,bollywoodhungama.com
5246,mysurvey.com
5247,maintracker.org
5248,osxdaily.com
5249,leroymerlin.ru
5250,eyoonmasr.com
5251,pnu.ac.ir
5252,search.com
5253,boldsky.com
5254,saudiairlines.com
5255,eleman.net
5256,launchpad.net
5257,culonudo.com
5258,4game.com
5259,marketo.com
5260,jawapos.com
5261,nationalrail.co.uk
5262,norwegian.com
5263,toranoana.jp
5264,tympanus.net
5265,big.az
5266,fmworld.net
5267,sarcasmlol.com
5268,mvhop.com
5269,yourstory.com
5270,k12.com
5271,tinypng.com
5272,hotmovies.com
5273,gamebanana.com
5274,scamadviser.com
5275,tvnow.de
5276,poiskm.org
5277,advfn.com
5278,tryboobs.com
5279,hawaii.edu
5280,symplicity.com
5281,cameraprive.com
5282,pcgames-download.net
5283,ebay.com.hk
5284,2nn.jp
5285,frandroid.com
5286,viralthread.com
5287,htcmania.com
5288,filmeseseriesonline.net
5289,camgasm.com
5290,windowsazure.com
5291,speedvideo.net
5292,warframe.com
5293,dalfak.com
5294,everydayhealth.com
5295,vielerporno.com
5296,usajobs.gov
5297,7gz.com
5298,iguang.tw
5299,flashresultats.fr
5300,turkcinema.tv
5301,rpp.pe
5302,abadis.ir
5303,dice.com
5304,drakemoon.com
5305,fosshub.com
5306,tv2.no
5307,zapmeta.co.in
5308,tfilm.club
5309,iastate.edu
5310,pacogames.com
5311,soku.com
5312,escort-advisor.com
5313,r-aly.ru
5314,studyblue.com
5315,gamerch.com
5316,skyscanner.ru
5317,dawanda.com
5318,imgdream.net
5319,zooqle.com
5320,insppartner.com
5321,eastmoney.com
5322,wonderhowto.com
5323,webgozar.com
5324,diigo.com
5325,1and1.es
5326,milli.az
5327,bdnews24.com
5328,dicio.com.br
5329,gazetatema.net
5330,moviepilot.com
5331,immonet.de
5332,jcb.co.jp
5333,creofive.com
5334,zangsisi.net
5335,afkarnews.ir
5336,shiek1ph.com
5337,pluto.tv
5338,fanpop.com
5339,damasgate.com
5340,uwaterloo.ca
5341,mycanal.fr
5342,svpressa.ru
5343,soccer24.com
5344,mobile.free.fr
5345,tehran.ir
5346,mydramalist.com
5347,x-minus.me
5348,seria-z.net
5349,sidereel.com
5350,corrieredellosport.it
5351,cyberlink.com
5352,domofond.ru
5353,autobip.com
5354,songsmp3.co
5355,nexon.co.jp
5356,hamyarwp.com
5357,nullrefer.com
5358,decathlon.fr
5359,level3.com
5360,loopnet.com
5361,nbg.gr
5362,melon.com
5363,telechargerunevideo.com
5364,sheetnews.net
5365,louisvuitton.com
5366,ozbargain.com.au
5367,instant-gaming.com
5368,pokemonshowdown.com
5369,musavat.com
5370,123telugu.com
5371,newsbomb.gr
5372,zakzak.co.jp
5373,rimanews.com
5374,exclusivegame2017.com
5375,wapa.tv
5376,schoolsoft.se
5377,peoplechina.com.cn
5378,rabbitpre.com
5379,cathaypacific.com
5380,tomsguide.fr
5381,kkddlt2f.site
5382,ualberta.ca
5383,televisa.com
5384,hexun.com
5385,google.com.bn
5386,trapfleyb-bs.ru
5387,govdelivery.com
5388,pentapostagma.gr
5389,ssg.com
5390,ahmedhassan17.com
5391,magento.com
5392,ig.com
5393,voicenews.gr
5394,happy-porn.com
5395,boundless.com
5396,dirtyasiantube.com
5397,hotjar.com
5398,53.com
5399,kroger.com
5400,fasttech.com
5401,kinogb.me
5402,wallpapersafari.com
5403,kiwilimon.com
5404,mercadolivre.com
5405,086ymmg7785v.xyz
5406,holidaycheck.de
5407,fantagazzetta.com
5408,luminpdf.com
5409,listenonrepeat.com
5410,ipaddress.com
5411,elotrolado.net
5412,bls.gov
5413,cntv.cn
5414,ipagal.org
5415,biomedcentral.com
5416,sonhoo.com
5417,dba.dk
5418,arenabg.com
5419,definition.org
5420,news24nepal.tv
5421,87gt2.com
5422,aftabir.com
5423,clicktabs.net
5424,citibank.com
5425,rizopoulospost.com
5426,dodear.com
5427,tuttosport.com
5428,d1net.com
5429,siriusxm.com
5430,qatarliving.com
5431,tvnet.lv
5432,okaz.com.sa
5433,fetishshrine.com
5434,dreamfilmhd.sh
5435,hapitas.jp
5436,lo4d.com
5437,sendpulse.com
5438,dynamics.com
5439,tes.com
5440,searchmgr.com
5441,sbtonline.in
5442,en-japan.com
5443,adyen.com
5444,japantimes.co.jp
5445,moviefone.com
5446,xem.vn
5447,10youtube.com
5448,novelupdates.com
5449,bih.nic.in
5450,highsnobiety.com
5451,olx.com.ve
5452,megogo.net
5453,oregonstate.edu
5454,atresplayer.com
5455,afpbb.com
5456,vivino.com
5457,mozilla.net
5458,meituan.com
5459,tele2.ru
5460,haikulearning.com
5461,politikus.ru
5462,topito.com
5463,contw.com
5464,234tuu.com
5465,pmang.jp
5466,awm.com
5467,hirunews.lk
5468,wind.it
5469,autoportal.com
5470,tuoitre.vn
5471,axs.com
5472,dodocook.com
5473,runoob.com
5474,transferwise.com
5475,svoboda.org
5476,altadefinizione01.cool
5477,estream.to
5478,liberoquotidiano.it
5479,soft32.com
5480,easeus.com
5481,hardware.fr
5482,creativecommons.org
5483,teechip.com
5484,taz.gr
5485,raialyoum.com
5486,hipchat.com
5487,hidemyass.com
5488,bitrix24.ru
5489,zoominfo.com
5490,google.com.bo
5491,masaladesi.com
5492,gasengi.com
5493,notitarde.com
5494,tpi.it
5495,globalnews.ca
5496,pornmaki.com
5497,imore.com
5498,htc.com
5499,pdf2doc.com
5500,watchxxxfree.com
5501,gry-online.pl
5502,mouser.com
5503,baogiaothong.vn
5504,boots.com
5505,nic.ir
5506,dizimag1.co
5507,philips.com
5508,infoplease.com
5509,harvestapp.com
5510,legalporno.com
5511,babla.ru
5512,iranjib.ir
5513,eprice.it
5514,petapixel.com
5515,lalafo.az
5516,whirlpool.net.au
5517,ule.com
5518,vlcgreens.com
5519,tuicool.com
5520,odatv.com
5521,asda.com
5522,smzdm.com
5523,cadenaser.com
5524,houseoffraser.co.uk
5525,eater.com
5526,atpworldtour.com
5527,docin.com
5528,kupujemprodajem.com
5529,rojadirecta.me
5530,dfpan.com
5531,sevenforums.com
5532,ay.gy
5533,ubs.com
5534,takuhai.jp
5535,nrttv.com
5536,kinokong.cc
5537,iitm.ac.in
5538,knockporn.com
5539,stocktwits.com
5540,bobaedream.co.kr
5541,mercadopago.com
5542,screwfix.com
5543,scholarship-positions.com
5544,dangdang.com
5545,tripadvisor.com.au
5546,googleadservices.com
5547,gov.on.ca
5548,istgah.com
5549,yt-downloader.org
5550,centerblog.net
5551,online-stopwatch.com
5552,notebookcheck.net
5553,makeagif.com
5554,9876ydd.com
5555,wikifeet.com
5556,doustiha.ir
5557,rtbf.be
5558,1544.ir
5559,italki.com
5560,ohio.gov
5561,filescdn.com
5562,behindthename.com
5563,coco01.net
5564,shitaraba.net
5565,yjbys.com
5566,bistroapi.com
5567,hostelworld.com
5568,retenews24.it
5569,h2porn.com
5570,mygully.com
5571,poringa.net
5572,freemail.hu
5573,centos.org
5574,google.ht
5575,silvergames.com
5576,dailypost.ng
5577,apytrc.com
5578,9tsu.com
5579,livecounts.net
5580,hudl.com
5581,vazhno.info
5582,indy100.com
5583,nuevoloquo.com
5584,daserste.de
5585,toyota.jp
5586,health.com
5587,cognizant.com
5588,123movies.gs
5589,poshmark.com
5590,bmail.uol.com.br
5591,mr-world.com
5592,shoptime.com.br
5593,letgo.com
5594,school.mosreg.ru
5595,sunoticiero.com
5596,mnscu.edu
5597,bibliocommons.com
5598,narvar.com
5599,identi.li
5600,nzherald.co.nz
5601,olx.bg
5602,ce.gov.br
5603,tvmuse.com
5604,namemc.com
5605,google.cg
5606,mediapart.fr
5607,huffingtonpost.de
5608,monex.co.jp
5609,dll-files.com
5610,7days.ru
5611,naviance.com
5612,xamarin.com
5613,gamespark.jp
5614,cuantarazon.com
5615,lucidchart.com
5616,methode-binaire.com
5617,downloadconverternow.com
5618,albeu.com
5619,whatculture.com
5620,cafemom.com
5621,etoro.com
5622,mkyong.com
5623,perezhilton.com
5624,stranamam.ru
5625,gitbooks.io
5626,xxxstreams.org
5627,ardmediathek.de
5628,aftenposten.no
5629,easydocmerge.com
5630,legendas.tv
5631,scielo.br
5632,slader.com
5633,appbank.net
5634,citruspay.com
5635,subtorrents.com
5636,freshpornclips.com
5637,localbitcoins.com
5638,fansshare.com
5639,tnews.ir
5640,goo-net.com
5641,snapchat.com
5642,ifanr.com
5643,m3.com
5644,colatour.com.tw
5645,hipertextual.com
5646,pornxs.com
5647,icbc.com.cn
5648,terapeak.com
5649,kinozz.club
5650,osaka-u.ac.jp
5651,usp.br
5652,cdnrl.com
5653,iconarchive.com
5654,nine.com.au
5655,thepiratefilmes.com
5656,niume.com
5657,51hejia.com
5658,keio.ac.jp
5659,2ememain.be
5660,blogosfera.uol.com.br
5661,topshop.com
5662,creativecow.net
5663,millardayo.com
5664,kasvyksta.lt
5665,sogi.com.tw
5666,nnm-club.me
5667,pec.it
5668,seriouseats.com
5669,notjustok.com
5670,ravelry.com
5671,canadapost.ca
5672,talktalk.co.uk
5673,rfa.org
5674,99114.com
5675,dunyanews.tv
5676,kym-cdn.com
5677,cliponyu.com
5678,theorioncode.com
5679,viator.com
5680,tqcode.com
5681,carsales.com.au
5682,espn.uol.com.br
5683,99.com
5684,gyakorikerdesek.hu
5685,fastspring.com
5686,harborfreight.com
5687,tsn.ua
5688,getformsonline.com
5689,72byte.com
5690,shahid4u.com
5691,pincae.com
5692,vidads.in
5693,sedo.com
5694,sgcpanel.com
5695,pornsos.com
5696,pricepony.com.ph
5697,vine.co
5698,mobtada.com
5699,99designs.com
5700,amadeus.com
5701,cvbankas.lt
5702,elitedaily.com
5703,t66y.com
5704,icicidirect.com
5705,anandtech.com
5706,isbank.com.tr
5707,fda.gov
5708,artplay.info
5709,akhbaralahly.com
5710,appear.in
5711,paginegialle.it
5712,coindesk.com
5713,tumejortorrent.com
5714,jreast.co.jp
5715,expedia.co.jp
5716,starhit.ru
5717,uptv.ir
5718,startgo123.com
5719,classmethod.jp
5720,admob.com
5721,onlinesoccermanager.com
5722,akipress.org
5723,spirit.com
5724,musescore.com
5725,irishtimes.com
5726,meteociel.fr
5727,ahaber.com.tr
5728,abnamro.nl
5729,businessinsider.in
5730,sherdog.com
5731,buyvip.com
5732,emalls.ir
5733,hkgolden.com
5734,openrec.tv
5735,wallpaperswide.com
5736,searchincognito.com
5737,kinguin.net
5738,tuttomercatoweb.com
5739,acesso.uol.com.br
5740,convertio.co
5741,wallpapercave.com
5742,ard.de
5743,mp3mad.com
5744,x-cazin0.net
5745,nikkei.co.jp
5746,nokia.com
5747,asianews2ch.jp
5748,spaste.com
5749,lidl.it
5750,ulozto.cz
5751,goodhousekeeping.com
5752,furaffinity.net
5753,redditenhancementsuite.com
5754,fronter.com
5755,mediaworld.it
5756,alldatasheet.com
5757,marksandspencer.com
5758,cbc-eg.com
5759,unesco.org
5760,hdwallpapers.in
5761,camelcamelcamel.com
5762,jamejamonline.ir
5763,support.wix.com
5764,tubxporn.com
5765,carrefour.es
5766,ninjakiwi.com
5767,next.co.uk
5768,latercera.com
5769,zerodha.com
5770,vagaro.com
5771,hdmovie2k.co
5772,duplicashapp.com
5773,jetairways.com
5774,talkingpointsmemo.com
5775,editorialmanager.com
5776,ghatreh.com
5777,usa.gov
5778,rezultati.com
5779,girlsgogames.com
5780,haraj.com.sa
5781,webaslan.com
5782,mulheresgostosas.org
5783,h1bb.com
5784,bitminer.io
5785,fast.com
5786,cncn.org.cn
5787,google.com.tj
5788,tsb.co.uk
5789,wtoip.com
5790,anthropologie.com
5791,ally.com
5792,bt.dk
5793,800hr.com
5794,sondakika.com
5795,plugrush.com
5796,hashflare.io
5797,gov.bc.ca
5798,castorama.fr
5799,istartsurf.com
5800,jobstreet.co.id
5801,myheritage.com
5802,bloggersarena.com
5803,francetv.fr
5804,maxifoot.fr
5805,myappline.com
5806,buenastareas.com
5807,gome.com.cn
5808,oclc.org
5809,leadpages.net
5810,tomtom.com
5811,noticiasaominuto.com
5812,macromill.com
5813,xhamstermania.com
5814,gmx.com
5815,iod2.cn
5816,giantbomb.com
5817,blender.org
5818,kia.com
5819,bonprix.de
5820,4e9wpp17.stream
5821,moviepilot.de
5822,authoritynutrition.com
5823,xhamsterhq.com
5824,helptorrents.com
5825,cpxdeliv.com
5826,nest.com
5827,wifespersonalaffair.com
5828,myscore.ru
5829,uh.edu
5830,mensfitness.com
5831,madrid.org
5832,sbs.com.au
5833,dana.ir
5834,facilisimo.com
5835,tlen.pl
5836,neswangy.net
5837,lijstverse.nl
5838,blu-ray.com
5839,apa.org
5840,newrelic.com
5841,kufar.by
5842,indianrailways.gov.in
5843,extraleads.net
5844,natalie.mu
5845,vartoken.com
5846,elkhabar.com
5847,asianfanfics.com
5848,pr0gramm.com
5849,telenet.be
5850,faberlic.com
5851,zhibo8.cc
5852,pullandbear.com
5853,pastemagazine.com
5854,hyatt.com
5855,indiewire.com
5856,kulichki.net
5857,w4o2ms.com
5858,khamsat.com
5859,lrytas.lt
5860,rabota.ru
5861,heureka.sk
5862,joinindianarmy.nic.in
5863,antena3.com
5864,skiddle.com
5865,icai.org
5866,olx.ba
5867,clknsee.com
5868,netdna-ssl.com
5869,svt.se
5870,dota2lounge.com
5871,recruitment.guru
5872,unity.com
5873,freecharge.com
5874,tassilialgerie.com
5875,mrporter.com
5876,vseinstrumenti.ru
5877,truthfinder.com
5878,onlinemoviewatchs.li
5879,xmediaserve.com
5880,unionbankonline.co.in
5881,epfindia.com
5882,islcollective.com
5883,gktoday.in
5884,natemat.pl
5885,smartprix.com
5886,vsetop.com
5887,tdameritrade.com
5888,vuejs.org
5889,hwupgrade.it
5890,jagranjosh.com
5891,giveawayoftheday.com
5892,indoxxi.com
5893,malavida.com
5894,megashare.su
5895,indonetwork.co.id
5896,ilrfq3xffy.com
5897,coalindia.in
5898,jellyshare.com
5899,dnb.no
5900,luscious.net
5901,bonprix.ru
5902,dnevnik.hr
5903,hqbutt.com
5904,pearsonvue.com
5905,khmeread.com
5906,pajak.go.id
5907,cloudinary.com
5908,ralphlauren.com
5909,lacentrale.fr
5910,wetplace.com
5911,juara.net
5912,selfridges.com
5913,ponparemall.com
5914,burusoku-vip.com
5915,league-funny.com
5916,aizhan.com
5917,prokerala.com
5918,koimoi.com
5919,ml.com
5920,onehallyu.com
5921,womenshealthmag.com
5922,atom.io
5923,guns.ru
5924,grepolis.com
5925,notebooksbilliger.de
5926,jeevansathi.com
5927,wordstream.com
5928,slashdot.org
5929,sanspo.com
5930,groupon.co.uk
5931,border.gov.au
5932,correos.es
5933,torrentor.co
5934,muzofond.com
5935,descargatelocorp.com
5936,in.gov
5937,lastminute.com
5938,las2orillas.co
5939,jbzd.pl
5940,insightsonindia.com
5941,linkbucks.com
5942,my-tfile.org
5943,unl.edu
5944,buzzadnetwork.com
5945,bseindia.com
5946,proxyof.com
5947,1000mg.jp
5948,dumpaday.com
5949,wevideo.com
5950,findprice.com.tw
5951,startv.com.tr
5952,filmsenzalimiti.click
5953,gfpornvideos.com
5954,epson.com
5955,dresslily.com
5956,guildwars2.com
5957,zoxy.me
5958,jarir.com
5959,philly.com
5960,arabiaweather.com
5961,gosugamers.net
5962,u-car.com.tw
5963,manutd.com
5964,tolivelugu.com
5965,kriminalitas.com
5966,brightspace.com
5967,ilpost.it
5968,tp-link.com
5969,usf.edu
5970,atlas.sk
5971,garant.ru
5972,kaidee.com
5973,pconverter.com
5974,yesmovies.to
5975,men.gov.ma
5976,zxart.cn
5977,spaces.ru
5978,clipartfest.com
5979,bet.com
5980,blackberry.com
5981,europe1.fr
5982,sima-land.ru
5983,pottermore.com
5984,esam.ir
5985,airbnb.es
5986,e-estekhdam.com
5987,askmen.com
5988,bradva.bg
5989,my-hit.me
5990,tradingeconomics.com
5991,h65sd.com
5992,jalantikus.com
5993,037hd.com
5994,seagate.com
5995,yandex.net
5996,smule.com
5997,speedbit.com
5998,yx0.pw
5999,warriorplus.com
6000,streema.com
6001,irr.ru
6002,bangaholic.co
6003,java2s.com
6004,poetryfoundation.org
6005,wn.com
6006,lolipop.jp
6007,rj.gov.br
6008,sky.de
6009,adhome.biz
6010,scout.com
6011,yify.tv
6012,gazetaglobale.net
6013,igli5.com
6014,boerse.to
6015,cheers.com.tw
6016,dealmoon.com
6017,yahoo.net
6018,indeed.co.za
6019,coldporn.com
6020,liveuamap.com
6021,tradeindia.com
6022,fmkorea.com
6023,play.pl
6024,hardsextube.com
6025,netbarg.com
6026,rotoworld.com
6027,mojim.com
6028,mypayingcryptoads.com
6029,hyperpromote.com
6030,livingsocial.com
6031,ddizi1.com
6032,pckeeper.software
6033,yasdl.com
6034,subsmovies.com
6035,g-fox.cn
6036,denofgeek.com
6037,wday.ru
6038,packtpub.com
6039,ucoz.net
6040,searchnu.com
6041,alternet.org
6042,pipedrive.com
6043,powershow.com
6044,jimmyfans.com
6045,sabaharabi.com
6046,tuniu.com
6047,sitenable.info
6048,edline.net
6049,tagesspiegel.de
6050,matchesfashion.com
6051,yummyanime.com
6052,game-game.com.ua
6053,google.mu
6054,ichacha.net
6055,17365ee.com
6056,redlink.com.ar
6057,flashscore.pl
6058,ebayimg.com
6059,musiciansfriend.com
6060,puklisi.ru
6061,8591.com.tw
6062,ustraveldocs.com
6063,mindmeister.com
6064,motor-talk.de
6065,kogama.com
6066,mingpao.com
6067,herbeauty.co
6068,seedit.com
6069,babylon-software.com
6070,tahrirnews.com
6071,zenmate.com
6072,glamsham.com
6073,aetna.com
6074,xcafe.com
6075,markt.de
6076,ionicframework.com
6077,anything2mp3.com
6078,fotomac.com.tr
6079,largeporntube.com
6080,altema.jp
6081,prevention.com
6082,71-zmobile.com
6083,eadaily.com
6084,starcrafthighlight.org
6085,bajalogratis.com
6086,desk.com
6087,vecernji.hr
6088,ca800.com
6089,imtranslator.net
6090,metdaan.com
6091,idbi.com
6092,jobomas.com
6093,leroymerlin.es
6094,dl-zip.com
6095,media-rocks.com
6096,name.com
6097,redhdtube.xxx
6098,townhall.com
6099,liveperson.net
6100,aaa.com
6101,renweb.com
6102,brand.tmall.com
6103,career.ru
6104,actblue.com
6105,putlocker.live
6106,persiangig.com
6107,iranecar.com
6108,bestgame.directory
6109,newatlas.com
6110,aquipelis.net
6111,grameenphone.com
6112,junkmail.co.za
6113,iwara.tv
6114,filehorse.com
6115,gdz.name
6116,ntv.co.jp
6117,clip16.com
6118,tvfplay.com
6119,otodom.pl
6120,santanderrio.com.ar
6121,bell.ca
6122,roll20.net
6123,authorize.net
6124,crichd.com
6125,html.it
6126,dospara.co.jp
6127,sapo.ao
6128,komputerswiat.pl
6129,kbagi.com
6130,scgyndrujhzf.com
6131,hnntube.com
6132,bancadigitalbod.com
6133,dailywire.com
6134,sony.co.jp
6135,hiweb.ir
6136,re-direcciona.me
6137,cosme.net
6138,miradetodo.net
6139,webgains.com
6140,flightsearchapp.com
6141,bncollege.com
6142,sportpesa.com
6143,paperpk.com
6144,minecraft-mp.com
6145,proxybay.one
6146,gotquestions.org
6147,epn.bz
6148,fashionguide.com.tw
6149,meraki.com
6150,sb24.com
6151,urssaf.fr
6152,pulsk.com
6153,bunnings.com.au
6154,uw.edu
6155,cengagebrain.com
6156,imslp.org
6157,internshala.com
6158,greatist.com
6159,bancomer.com
6160,avenues.info
6161,bagas31.com
6162,seriesblanco.com
6163,studiocataldi.it
6164,vsco.co
6165,piratefilmestorrent.net
6166,2dehands.be
6167,animoto.com
6168,multoigri.ru
6169,ni.com
6170,eiga.com
6171,massdrop.com
6172,unibet.com
6173,instantcheckmate.com
6174,haqqin.az
6175,society6.com
6176,moi.gov.qa
6177,military38.com
6178,tatacliq.com
6179,boafoda.com
6180,nagariknews.com
6181,portail.free.fr
6182,tsn.ca
6183,telerama.fr
6184,enstage-sas.com
6185,askul.co.jp
6186,idigitaltimes.com
6187,bitrix24.com
6188,binbox.io
6189,qiku.com
6190,heroquizz.com
6191,rte.ie
6192,vidnow.to
6193,infoq.com
6194,dpstream.net
6195,bd-pratidin.com
6196,freesoft-100.com
6197,kanobu.ru
6198,bigbasket.com
6199,mymp3song.info
6200,vandal.net
6201,offliberty.com
6202,flyflv.com
6203,boyfriendtv.com
6204,bjfsdex.com
6205,sweetclarity.com
6206,iitb.ac.in
6207,redflagdeals.com
6208,mm-cg.com
6209,apk4fun.com
6210,shemsfm.net
6211,kth.se
6212,stream.cz
6213,ifunny.co
6214,meta.ua
6215,blikk.hu
6216,ntu.edu.sg
6217,linkzb.net
6218,searchemaila.com
6219,livetechnews.com
6220,pitt.edu
6221,naukrigulf.com
6222,imlive.com
6223,joyclub.de
6224,muzofon.tv
6225,radiotimes.com
6226,metafilter.com
6227,dni.ru
6228,my.gov.au
6229,weibo.cn
6230,homes.com
6231,explosm.net
6232,finishline.com
6233,progressive.com
6234,imzog.com
6235,audacityteam.org
6236,mygreatlakes.org
6237,outlook.com
6238,shazam.com
6239,shindanmaker.com
6240,dafiti.com.br
6241,bollywoodlife.com
6242,amperse.info
6243,smbc-comics.com
6244,shawacademy.com
6245,indeed.com.mx
6246,youx.xxx
6247,cinetux.net
6248,iyiou.com
6249,elastic.co
6250,grid.mk
6251,lezhin.com
6252,pdf2jpg.net
6253,f5haber.com
6254,bandsintown.com
6255,ibps.in
6256,freelogoservices.com
6257,calciomercato.com
6258,careerride.com
6259,instrument.com.cn
6260,cvent.com
6261,videosdemadurasx.com
6262,motika.com.mk
6263,canlitv.life
6264,falabella.com
6265,modthesims.info
6266,c-ij.com
6267,dmzj.com
6268,catfly.com
6269,torentor.net
6270,sokrostream.biz
6271,angieslist.com
6272,4kdownload.com
6273,worksmobile.com
6274,freedoge.co.in
6275,metal-archives.com
6276,bukkit.org
6277,xywy.com
6278,raj.nic.in
6279,postimees.ee
6280,skoob.com.br
6281,dorkly.com
6282,clipartkid.com
6283,canadavisa.com
6284,brothersoft.com
6285,self.com
6286,etao.com
6287,toofy.co
6288,bestproducts.com
6289,xxxtubeset.com
6290,osdownloader.org
6291,gucci.com
6292,musicnotes.com
6293,vananews.ir
6294,ntvspor.net
6295,cian.ru
6296,noticiasrcn.com
6297,google.co.cr
6298,proceso.com.mx
6299,backclick.net
6300,mediabuy.cloud
6301,yemeksepeti.com
6302,senscritique.com
6303,more-sky.com
6304,quoka.de
6305,bestfreetube.xxx
6306,straitstimes.com
6307,sfacg.com
6308,uga.edu
6309,lavozdegalicia.es
6310,ojogo.pt
6311,lk21.org
6312,filmstarts.de
6313,thegatewaypundit.com
6314,auth0.com
6315,handelsblatt.com
6316,shafaqna.com
6317,ems.com.cn
6318,delfi.ee
6319,womensmarch.com
6320,syosetu.org
6321,theregister.co.uk
6322,si.edu
6323,canalporno.com
6324,aristeguinoticias.com
6325,thetimes.co.uk
6326,gamebase.com.tw
6327,costco.ca
6328,e.jimdo.com
6329,llnwd.net
6330,dealnews.com
6331,virginia.gov
6332,helpbuddy.org
6333,bellanaija.com
6334,jd.hk
6335,univie.ac.at
6336,handycafe.com
6337,deccanchronicle.com
6338,frazens.com
6339,metoffice.gov.uk
6340,aclst.com
6341,mac-torrent-download.net
6342,underarmour.com
6343,fb.com
6344,fidelityhouse.eu
6345,dogdrip.net
6346,whoer.net
6347,pensador.uol.com.br
6348,nonton.movie
6349,indianbank.net.in
6350,uiowa.edu
6351,tatar.ru
6352,fatwallet.com
6353,ad2load.com
6354,hepsibahis479.com
6355,foundationapi.com
6356,hanime.tv
6357,ih5.cn
6358,kddi.ne.jp
6359,miamiherald.com
6360,cebupacificair.com
6361,nesine.com
6362,toyota.com
6363,utorrentmui.com
6364,protonmail.com
6365,podbbang.com
6366,thequestion.ru
6367,nfemo.com
6368,fzg360.com
6369,ultimatix.net
6370,mangaku.web.id
6371,ebcbuzz.com
6372,xmoviesforyou.com
6373,hku.hk
6374,gecce.com
6375,olx.com.co
6376,macworld.com
6377,skycn.com
6378,onlinetestseriesmadeeasy.in
6379,berlin.de
6380,boingboing.net
6381,9news.com.au
6382,tvefamosos.uol.com.br
6383,mag2.com
6384,aircanada.com
6385,maxbet.ro
6386,uncumlzowtkn.com
6387,movie-blog.org
6388,yad2.co.il
6389,yehemak.com
6390,porneq.com
6391,bonanza.com
6392,hentai-foundry.com
6393,geo.tv
6394,subscribe.ru
6395,depositfiles.org
6396,kuleuven.be
6397,wickedweasel.com
6398,plotek.pl
6399,occ.com.mx
6400,k12.ga.us
6401,curiouscat.me
6402,calendly.com
6403,kompass.com
6404,weatherzone.com.au
6405,searchgst.com
6406,game-debate.com
6407,gao7.com
6408,bkstr.com
6409,yamaha.com
6410,rulit.me
6411,parsine.com
6412,iberia.com
6413,agenciatributaria.gob.es
6414,sdna.gr
6415,pcastuces.com
6416,febrayer.com
6417,ktrmr.com
6418,timeslive.co.za
6419,rusplt.ru
6420,destructoid.com
6421,flibusta.is
6422,bangbros.com
6423,koovs.com
6424,searchlf.com
6425,naszemiasto.pl
6426,wacom.com
6427,nus.edu.sg
6428,amung.us
6429,bethesda.net
6430,estrenosdoramas.net
6431,businessinsider.de
6432,kyobobook.co.kr
6433,hollywoodlife.com
6434,cinematicket.org
6435,dstv.com
6436,hbonow.com
6437,deredactie.be
6438,svtplay.se
6439,propellerads.com
6440,media-fire.org
6441,llbean.com
6442,androidpolice.com
6443,listotic.com
6444,elo7.com.br
6445,revolico.com
6446,waseet.net
6447,footyroom.com
6448,pornburst.xxx
6449,388bet.com
6450,rich-birds.com
6451,home.pl
6452,jbhifi.com.au
6453,recode.net
6454,carfax.com
6455,theweek.com
6456,hometax.go.kr
6457,alnilin.com
6458,shooshtime.com
6459,coeg.in
6460,airbnb.it
6461,commonsensemedia.org
6462,strato.de
6463,tomshw.it
6464,alitrip.com
6465,static.tumblr.com
6466,advcash.com
6467,seattletimes.com
6468,9to5mac.com
6469,yam.com
6470,dream11.com
6471,almrsal.com
6472,uoregon.edu
6473,hoortols.org
6474,aceenggacademy.com
6475,sta.sh
6476,marieclaire.com.tw
6477,care.com
6478,dn.se
6479,avon.ru
6480,tigerdirect.com
6481,lexpress.mu
6482,filerio.in
6483,mysku.ru
6484,eelly.com
6485,in.gr
6486,cafepress.com
6487,ragestream.com
6488,seniat.gob.ve
6489,ondemandkorea.com
6490,moshahda.net
6491,gamatotv.me
6492,vivanuncios.com.mx
6493,standardchartered.co.in
6494,ekabu.ru
6495,vueling.com
6496,newstor.ru
6497,gawker.com
6498,soccersuck.com
6499,huffingtonpost.gr
6500,egypttoday.co.uk
6501,canarabank.in
6502,hdonline.vn
6503,sfu.ca
6504,lohaco.jp
6505,russian7.ru
6506,tabulacandida.wordpress.com
6507,rosewholesale.com
6508,dasoertliche.de
6509,web.tv
6510,cloudconvert.com
6511,skelbiu.lt
6512,monova.org
6513,s3.com.tw
6514,flvs.net
6515,pokemondb.net
6516,mercurynews.com
6517,yorku.ca
6518,gbatemp.net
6519,pornoxyu.info
6520,menhdv.com
6521,medicalnewstoday.com
6522,banorte.com
6523,scmp.com
6524,seratnews.ir
6525,tori.fi
6526,thenounproject.com
6527,bni.co.id
6528,farnell.com
6529,archives.gov
6530,osdn.net
6531,admin.ch
6532,pdfescape.com
6533,novaskin.me
6534,itsgoneviral.com
6535,centrum24.pl
6536,pagesperso-orange.fr
6537,ingdirect.it
6538,online2pdf.com
6539,oraclecorp.com
6540,financialexpress.com
6541,babyou.com
6542,101.ru
6543,ioffer.com
6544,songtexte.com
6545,disput.az
6546,watchcric.org
6547,movierulz.mn
6548,sportsguru.in
6549,userbenchmark.com
6550,top4top.net
6551,anonews.co
6552,telmex.com
6553,allbesta.net
6554,barlamane.com
6555,518.com.tw
6556,mapy.cz
6557,kaizentraffic.com
6558,realitatea.net
6559,kapaza.be
6560,osdn.jp
6561,dirty.ru
6562,kopilkaurokov.ru
6563,ad.nl
6564,c-and-a.com
6565,alpha.gr
6566,vendeeglobe.org
6567,iflix.com
6568,bia2m.biz
6569,abaenglish.com
6570,amtrak.com
6571,optifine.net
6572,alyamanalaraby.com
6573,google.bf
6574,myfxbook.com
6575,futurism.com
6576,fanli90.cn
6577,netralnews.com
6578,hitta.se
6579,mql5.com
6580,newsmth.net
6581,walmart.com.mx
6582,promodj.com
6583,meristation.com
6584,11street.my
6585,benchmark.pl
6586,chiphell.com
6587,indiocasino.com
6588,canada.ca
6589,dbmads.com
6590,babyschool.com.cn
6591,heraldcorp.com
6592,hepsibahis631.com
6593,rateyourmusic.com
6594,5278.cc
6595,mexgroup.com
6596,scopus.com
6597,tv-asahi.co.jp
6598,news18a.com
6599,biggo.com.tw
6600,edf.fr
6601,lesoir.be
6602,materiel.net
6603,quicktask.xyz
6604,mytedata.net
6605,golinks.org
6606,farecompare.com
6607,paginebianche.it
6608,bitsnoop.com
6609,your-surveys.com
6610,postgresql.org
6611,lovoo.com
6612,gettraff.com
6613,turbosquid.com
6614,applyyourself.com
6615,national-lottery.co.uk
6616,7k7k.com
6617,asos.de
6618,bet.pt
6619,jeffreestarcosmetics.com
6620,ebay.at
6621,rasekhoon.net
6622,contra.gr
6623,sch.gr
6624,excelsior.com.mx
6625,51job.com
6626,insight.co.kr
6627,postfinance.ch
6628,getadblock.com
6629,giversforumoffice.net
6630,auone.jp
6631,mitbbs.com
6632,varlamov.ru
6633,movtex.net
6634,phys.org
6635,pornhubpremium.com
6636,dineroen30dias.net
6637,qcloud.com
6638,yakkun.com
6639,d1alac.com
6640,unroll.me
6641,tnt.com
6642,adult-empire.com
6643,blogspot.co.za
6644,notepad-plus-plus.org
6645,mytheresa.com
6646,barclaycard.co.uk
6647,kink.com
6648,sahadan.com
6649,gumroad.com
6650,planningcenteronline.com
6651,ngoisao.net
6652,thermofisher.com
6653,stardewvalleywiki.com
6654,beforeitsnews.com
6655,onlinadverts.com
6656,fifa.com
6657,tripadvisor.com.br
6658,youngcons.com
6659,kurir.mk
6660,pdffiller.com
6661,backcountry.com
6662,noip.com
6663,uncomo.com
6664,kahoot.it
6665,porntrex.com
6666,hepsibahis161.com
6667,lapagina.com.sv
6668,overclockers.ru
6669,sainsburys.co.uk
6670,vq40567.com
6671,wankr.com.cn
6672,huntington.com
6673,zerochan.net
6674,computerworld.com
6675,xxxpornotuber.com
6676,my.com
6677,linode.com
6678,medindia.net
6679,khabarpu.com
6680,fatakat.com
6681,grouple.ru
6682,prwidgets.com
6683,colostate.edu
6684,jdzj.com
6685,pasted.co
6686,piktochart.com
6687,ladepeche.fr
6688,efu.com.cn
6689,ldoceonline.com
6690,orange.es
6691,dfiles.eu
6692,filejoker.net
6693,sparkfun.com
6694,flippa.com
6695,click-sec.com
6696,socialmediaexaminer.com
6697,secretchina.com
6698,wdr.de
6699,cmbchina.com
6700,ndr.de
6701,mamibuy.com.tw
6702,anonymz.com
6703,enteresan.com
6704,azcentral.com
6705,mapion.co.jp
6706,chinahighlights.com
6707,ynet.com
6708,oregonlive.com
6709,skladchik.com
6710,diplomatie.gouv.fr
6711,tomtop.com
6712,hujiang.com
6713,conforama.fr
6714,parsonline.com
6715,edupage.org
6716,sexxxhd.com
6717,washingtonexaminer.com
6718,centrelink.gov.au
6719,groupon.fr
6720,airbnb.de
6721,residentadvisor.net
6722,brunch.co.kr
6723,pureadexchange.com
6724,listverse.com
6725,iskysoft.com
6726,sovsport.ru
6727,israbox.life
6728,lilo.org
6729,xbabe.com
6730,csgostash.com
6731,expressvpn.com
6732,4porn.com
6733,hs.fi
6734,adnxs.com
6735,xm.com
6736,sii.cl
6737,vajehyab.com
6738,wwwpromoter.com
6739,liverpool.com.mx
6740,pornicom.com
6741,ebela.in
6742,wadi.com
6743,iitk.ac.in
6744,bookvip.com
6745,coches.net
6746,mckinsey.com
6747,behindwoods.com
6748,uptodate.com
6749,senmanga.com
6750,connpass.com
6751,bigrock.in
6752,lever.co
6753,pornleech.com
6754,bakeca.it
6755,techacademy.jp
6756,harpersbazaar.com
6757,carlosjeurissen.com
6758,britmethod.co
6759,shameless.com
6760,euro.com.pl
6761,grandbux.net
6762,supersport.com
6763,rosegal.com
6764,aol.co.uk
6765,fclick-adnow.com
6766,lelong.com.my
6767,accorhotels.com
6768,mmmunited.org
6769,alipromo.com
6770,ucf.edu
6771,qiqrguvdhcux.com
6772,egaliteetreconciliation.fr
6773,witkit.com
6774,modelmayhem.com
6775,santander.com.mx
6776,sbbjonline.com
6777,payback.de
6778,estacio.br
6779,tudogostoso.com.br
6780,expedia.ca
6781,openrice.com
6782,blablacar.fr
6783,algocashmaster.net
6784,u17.com
6785,travelandleisure.com
6786,uaewomen.net
6787,webtekno.com
6788,arenavision.in
6789,beyazperde.com
6790,bnpparibasfortis.be
6791,jornadaonline.com
6792,meilihui.tmall.com
6793,premium.wix.com
6794,misumi-ec.com
6795,mendeley.com
6796,assets.tumblr.com
6797,tt1069.com
6798,animefreak.tv
6799,pcbaby.com.cn
6800,po.st
6801,malaysiakini.com
6802,webdunia.com
6803,honda.com
6804,standaard.be
6805,tv-tokyo.co.jp
6806,keepo.me
6807,leetcode.com
6808,i-doxs.net
6809,ricardoeletro.com.br
6810,bursadabugun.com
6811,tejaratbank.ir
6812,ikanman.com
6813,stiripesurse.ro
6814,wallapop.com
6815,myherbalife.com
6816,streaming-direct.co
6817,katcr.to
6818,ororo.tv
6819,umass.edu
6820,suprclickers.info
6821,draw.io
6822,thekickasstorrents.com
6823,jiayuan.com
6824,filecloud.io
6825,coolrom.com
6826,carmax.com
6827,ttt4.com
6828,getemoji.com
6829,king.com
6830,jogos360.com.br
6831,hkjc.com
6832,abcya.com
6833,seedr.cc
6834,yts.ac
6835,roku.com
6836,onthehub.com
6837,tubesafari.com
6838,tsukuba.ac.jp
6839,myegy.to
6840,lexigram.gr
6841,zynga.com
6842,pagesix.com
6843,google.co.zm
6844,tengrinews.kz
6845,mastihot.info
6846,bitluna.org
6847,freepornhdonline.com
6848,windguru.cz
6849,fsu.edu
6850,juicyads.com
6851,act.org
6852,ezgif.com
6853,wa.gov.au
6854,cretalive.gr
6855,sharelatex.com
6856,e-shop.gr
6857,raagtune.net
6858,moviexk.com
6859,iitr.ac.in
6860,pasion.com
6861,chupapo.ru
6862,universal.org
6863,getspacecloud.org
6864,batepapo.uol.com.br
6865,clickyab.com
6866,bod.com.ve
6867,wootalk.today
6868,123movies.ru
6869,henchan.me
6870,techpowerup.com
6871,scotch.io
6872,horoscope.com
6873,shasha.ps
6874,discretesearch.com
6875,zoom.com.br
6876,manchester.ac.uk
6877,lan.com
6878,onhax.me
6879,dsw.com
6880,karnataka.gov.in
6881,liberty.edu
6882,robinwidget.com
6883,torproject.org
6884,ysear.ch
6885,islamqa.info
6886,phoenix.edu
6887,rockpapershotgun.com
6888,porn.es
6889,tnebnet.org
6890,freevideo.cz
6891,okdiario.com
6892,samurai-games.net
6893,cartoonhd.online
6894,aib.ie
6895,shikimori.org
6896,forbesjapan.com
6897,fpvfeyjrwlio.com
6898,rlsnet.ru
6899,computrabajo.com.mx
6900,onedio.ru
6901,gamebomb.ru
6902,fullfilmizlesin.com
6903,myprotein.com
6904,turkcealtyazi.org
6905,google.la
6906,deref-mail.com
6907,siamsport.co.th
6908,bankier.pl
6909,uscourts.gov
6910,economicos.cl
6911,gaymas.com
6912,cardgames.io
6913,nabble.com
6914,purplemath.com
6915,goodfon.ru
6916,kun.uz
6917,diy.com
6918,deutschepost.de
6919,mobileappscentrs.com
6920,gvm.com.tw
6921,topcashback.co.uk
6922,mega.cl
6923,sec.gov
6924,infinitiads.com
6925,advleniv.com
6926,bitdefender.com
6927,getacleancomputer.com
6928,state.nj.us
6929,digit.in
6930,nme.com
6931,ymlbuooxppzt.com
6932,dramalove.tv
6933,downloads-now.net
6934,collegeconfidential.com
6935,xvideosporno.blog.br
6936,classdojo.com
6937,aicheren.com
6938,boxasian.com
6939,hitwe.com
6940,vbox7.com
6941,work.ua
6942,axeso5.com
6943,cnetfrance.fr
6944,indiacarnews.com
6945,hsbc.com
6946,sitel.com.mk
6947,manchestereveningnews.co.uk
6948,answersking.com
6949,dm530.net
6950,alalam.ir
6951,wustl.edu
6952,servis24.cz
6953,rockfile.eu
6954,searchengineland.com
6955,hpjav.com
6956,frontier.com
6957,tokyomotion.net
6958,spigotmc.org
6959,kshow123.net
6960,drp.su
6961,blogspot.hu
6962,dramaonline.com
6963,caracoltv.com
6964,mvnrepository.com
6965,dhlglobalmail.com
6966,findlaw.com
6967,qip.ru
6968,seedpeer.eu
6969,cpubenchmark.net
6970,jandan.net
6971,helpscout.net
6972,carnival.com
6973,imooc.com
6974,my-personaltrainer.it
6975,thegioididong.com
6976,blogcms.jp
6977,ringcentral.com
6978,tver.jp
6979,interswitchng.com
6980,politifact.com
6981,vudu.com
6982,bettingtradition.com
6983,download-genius.com
6984,verywed.com
6985,applythrunet.co.in
6986,blogphunu.vn
6987,publico.pt
6988,theclickcheck.com
6989,autohome.com.cn
6990,fullmovierulz.in
6991,tvsubs.net
6992,searchleasier.com
6993,techtimes.com
6994,zakon.kz
6995,filmakinesi.org
6996,voodaith7e.com
6997,elfarandi.com
6998,personaleme.pro
6999,jumia.ma
7000,trade.tmall.com