1,google.com
2,youtube.com
3,facebook.com
4,baidu.com
5,yahoo.com
6,wikipedia.org
7,google.co.in
8,tmall.com
9,qq.com
10,amazon.com
11,sohu.com
12,google.co.jp
13,taobao.com
14,live.com
15,vk.com
16,twitter.com
17,linkedin.com
18,instagram.com
19,360.cn
20,yahoo.co.jp
21,sina.com.cn
22,google.de
23,jd.com
24,reddit.com
25,google.co.uk
26,google.fr
27,ebay.com
28,msn.com
29,google.ru
30,bing.com
31,weibo.com
32,netflix.com
33,wordpress.com
34,microsoft.com
35,hao123.com
36,tumblr.com
37,google.com.br
38,stackoverflow.com
39,amazon.co.jp
40,yandex.ru
41,google.it
42,office.com
43,imdb.com
44,apple.com
45,google.es
46,pinterest.com
47,google.com.hk
48,onclkds.com
49,t.co
50,github.com
51,adobe.com
52,service.tmall.com
53,google.com.tw
54,aliexpress.com
55,paypal.com
56,ok.ru
57,blogspot.com
58,google.ca
59,google.com.mx
60,dropbox.com
61,whatsapp.com
62,pornhub.com
63,ask.com
64,diply.com
65,naver.com
66,detail.tmall.com
67,bbc.co.uk
68,amazon.co.uk
69,bbc.com
70,login.tmall.com
71,imgur.com
72,popads.net
73,nytimes.com
74,booking.com
75,soundcloud.com
76,thepiratebay.org
77,onlinesbi.com
78,mail.ru
79,stackexchange.com
80,soso.com
81,google.com.tr
82,livejasmin.com
83,wikihow.com
84,cnet.com
85,theguardian.com
86,tianya.cn
87,spotify.com
88,microsoftonline.com
89,washingtonpost.com
90,google.com.au
91,indeed.com
92,espn.com
93,alipay.com
94,txxx.com
95,google.com.sg
96,google.co.kr
97,google.co.id
98,nih.gov
99,csdn.net
100,chase.com
101,walmart.com
102,twitch.tv
103,w3schools.com
104,pixnet.net
105,gmw.cn
106,wikia.com
107,google.pl
108,googleusercontent.com
109,xhamster.com
110,fc2.com
111,amazon.de
112,amazon.de
113,salesforce.com
114,bongacams.com
115,adf.ly
116,amazon.in
117,godaddy.com
118,google.com.eg
119,cnn.com
120,google.co.th
121,bestbuy.com
122,google.com.sa
123,askcom.me
124,google.com.pk
125,google.com.ar
126,clicksgear.com
127,alibaba.com
128,craigslist.org
129,savefrom.net
130,blogger.com
131,pages.tmall.com
132,blastingnews.com
133,ebay.de
134,google.nl
135,uptodown.com
136,rakuten.co.jp
137,porn555.com
138,dailymotion.com
139,bet365.com
140,so.com
141,ettoday.net
142,xvideos.com
143,china.com
144,vimeo.com
145,amazonaws.com
146,google.co.ve
147,daum.net
148,google.co.za
149,ebay.co.uk
150,tribunnews.com
151,youth.cn
152,xinhuanet.com
153,vice.com
154,thewhizmarketing.com
155,detik.com
156,quora.com
157,adexchangeprediction.com
158,ntd.tv
159,avito.ru
160,cctv.com
161,google.gr
162,flipkart.com
163,mediafire.com
164,slideshare.net
165,cnzz.com
166,nicovideo.jp
167,hclips.com
168,globo.com
169,dailymail.co.uk
170,google.com.co
171,google.com.ph
172,list.tmall.com
173,google.com.vn
174,google.be
175,deviantart.com
176,force.com
177,varzesh3.com
178,daikynguyenvn.com
179,steampowered.com
180,theladbible.com
181,chaturbate.com
182,upornia.com
183,uol.com.br
184,popcash.net
185,kinogo.club
186,google.com.ua
187,google.se
188,google.ro
189,livedoor.jp
190,blogspot.co.id
191,go2cloud.org
192,chinadaily.com.cn
193,google.az
194,doubleclick.net
195,gfycat.com
196,roblox.com
197,buzzfeed.com
198,123movies.is
199,rule.tmall.com
200,9gag.com
201,reimageplus.com
202,huffingtonpost.com
203,google.at
204,breitbart.com
205,youm7.com
206,softonic.com
207,indiatimes.com
208,amazon.fr
209,china.com.cn
210,myway.com
211,github.io
212,etsy.com
213,mercadolivre.com.br
214,weebly.com
215,redtube.com
216,abs-cbn.com
217,google.com.ng
218,outbrain.com
219,weather.com
220,doublepimp.com
221,google.com.pe
222,rambler.ru
223,forbes.com
224,huaban.com
225,slack.com
226,zhihu.com
227,google.ch
228,amazon.it
229,trello.com
230,google.cz
231,ameblo.jp
232,fbcdn.net
233,getmyads.com
234,dingit.tv
235,tistory.com
236,pinimg.com
237,prestoris.com
238,douyu.com
239,foxnews.com
240,openload.co
241,tokopedia.com
242,skype.com
243,39.net
244,bankofamerica.com
245,google.co.ao
246,bp.blogspot.com
247,k618.cn
248,google.cl
249,livejournal.com
250,google.ae
251,google.dz
252,wordpress.org
253,mozilla.org
254,wordreference.com
255,reddituploads.com
256,wittyfeed.com
257,wellsfargo.com
258,kinopoisk.ru
259,rutracker.org
260,codeonclick.com
261,twimg.com
262,youporn.com
263,google.pt
264,iwanttodeliver.com
265,thewhizproducts.com
266,files.wordpress.com
267,aol.com
268,allegro.pl
269,sabah.com.tr
270,blogspot.in
271,google.no
272,rolloid.net
273,goo.ne.jp
274,naver.jp
275,mailchimp.com
276,mama.cn
277,thesaurus.com
278,babytree.com
279,intuit.com
280,liputan6.com
281,ikea.com
282,putlockers.ch
283,spotscenered.info
284,archive.org
285,zillow.com
286,sogou.com
287,google.hu
288,rarbg.to
289,kompas.com
290,huanqiu.com
291,web.de
292,tripadvisor.com
293,shutterstock.com
294,irctc.co.in
295,onclickpredictiv.com
296,onedio.com
297,yelp.com
298,sourceforge.net
299,giphy.com
300,instructure.com
301,leboncoin.fr
302,sharepoint.com
303,hotstar.com
304,ifeng.com
305,wikimedia.org
306,scribd.com
307,google.ie
308,google.co.il
309,taringa.net
310,businessinsider.com
311,steamcommunity.com
312,ebay-kleinanzeigen.de
313,rt.com
314,youtube-mp3.org
315,conservativetribune.com
316,yts.ag
317,amazon.es
318,kaskus.co.id
319,gmx.net
320,bukalapak.com
321,caijing.com.cn
322,sberbank.ru
323,chaoshi.tmall.com
324,ltn.com.tw
325,wetransfer.com
326,freepik.com
327,cloudfront.net
328,google.dk
329,hatenablog.com
330,google.cn
331,xnxx.com
332,extratorrent.cc
333,themeforest.net
334,goodreads.com
335,digikala.com
336,gearbest.com
337,feedly.com
338,youku.com
339,zippyshare.com
340,pandora.com
341,webtretho.com
342,oracle.com
343,terraclicks.com
344,hp.com
345,espncricinfo.com
346,kakaku.com
347,enet.com.cn
348,pulseonclick.com
349,ruten.com.tw
350,evernote.com
351,dictionary.com
352,yesky.com
353,subscene.com
354,ouo.io
355,orange.fr
356,ab4hr.com
357,google.fi
358,taboola.com
359,mysagagame.com
360,accuweather.com
361,hatena.ne.jp
362,blogspot.com.br
363,4dsply.com
364,weblio.jp
365,dmm.co.jp
366,google.sk
367,seasonvar.ru
368,wix.com
369,qiita.com
370,hola.com
371,go.com
372,fiverr.com
373,asos.com
374,ensonhaber.com
375,poptm.com
376,kissanime.ru
377,ku6.com
378,media.tumblr.com
379,flickr.com
380,zendesk.com
381,messenger.com
382,icloud.com
383,onet.pl
384,bitauto.com
385,snapdeal.com
386,redirectvoluum.com
387,repubblica.it
388,medium.com
389,adnetworkperformance.com
390,battle.net
391,blackboard.com
392,2ch.net
393,speedtest.net
394,ci123.com
395,naij.com
396,spankbang.com
397,telegram.org
398,bilibili.com
399,exoclick.com
400,paytm.com
401,teepr.com
402,hdfcbank.com
403,ablogica.com
404,ndtv.com
405,telegraph.co.uk
406,gsmarena.com
407,gamepedia.com
408,nametests.com
409,sciencedirect.com
410,ebay.it
411,kooora.com
412,samsung.com
413,mixplugin.com
414,free.fr
415,kapanlagi.com
416,behance.net
417,xfinity.com
418,mit.edu
419,hilltopads.net
420,blogspot.jp
421,researchgate.net
422,4shared.com
423,amazon.ca
424,mercadolibre.com.ar
425,spiegel.de
426,nownews.com
427,forums.wordpress.com
428,albawabhnews.com
429,biobiochile.cl
430,americanexpress.com
431,rumble.com
432,haber7.com
433,seznam.cz
434,wp.pl
435,gismeteo.ru
436,icicibank.com
437,avg.com
438,beeg.com
439,usps.com
440,atlassian.net
441,upwork.com
442,bloomberg.com
443,onlinevideoconverter.com
444,newtabtv.com
445,shopify.com
446,eastday.com
447,4chan.org
448,google.kz
449,ups.com
450,videodownloadconverter.com
451,my-hit.org
452,aparat.com
453,ebay.com.au
454,usatoday.com
455,udemy.com
456,canva.com
457,independent.co.uk
458,capitalone.com
459,baike.com
460,prezi.com
461,taleo.net
462,elpais.com
463,rednet.cn
464,discordapp.com
465,weevah2.top
466,patch.com
467,wixsite.com
468,dumedia.ru
469,leagueoflegends.com
470,thefreedictionary.com
471,err.tmall.com
472,google.com.kw
473,vporn.com
474,box.com
475,videoyoum7.com
476,t-online.de
477,blog.jp
478,azlyrics.com
479,hotmovs.com
480,reference.com
481,yallakora.com
482,dell.com
483,airbnb.com
484,discover.wordpress.com
485,blogspot.mx
486,perfecttoolmedia.com
487,tutorialspoint.com
488,reuters.com
489,googlevideo.com
490,blogfa.com
491,cricbuzz.com
492,rediff.com
493,zoho.com
494,elbalad.news
495,marca.com
496,jabong.com
497,homedepot.com
498,wsj.com
499,hespress.com
500,chatwork.com
501,google.bg
502,tube8.com
503,directrev.com
504,target.com
505,line.me
506,umblr.com
507,shink.in
508,sahibinden.com
509,ign.com
510,thekitchn.com
511,163.com
512,merdeka.com
513,filehippo.com
514,neobux.com
515,webmd.com
516,momoshop.com.tw
517,pikabu.ru
518,sh.st
519,groupon.com
520,libero.it
521,tradeadexchange.com
522,yalla-shoot.com
523,westernjournalism.com
524,vk.me
525,mercadolibre.com.mx
526,billdesk.com
527,duckduckgo.com
528,pixabay.com
529,asana.com
530,ck101.com
531,gamefaqs.com
532,fmovies.se
533,cnblogs.com
534,reverso.net
535,java.com
536,ibm.com
537,olx.com.br
538,list-manage.com
539,namu.wiki
540,infusionsoft.com
541,hubspot.com
542,hurriyet.com.tr
543,goal.com
544,ask.fm
545,vip.wordpress.com
546,addthis.com
547,amazon.cn
548,torrentz2.eu
549,google.co.nz
550,innfrad.com
551,friv.com
552,citi.com
553,fedex.com
554,siteadvisor.com
555,lemonde.fr
556,plusnetwork.com
557,thesportbible.com
558,hulu.com
559,y8.com
560,alwafd.org
561,pwwysydh.com
562,ytimg.com
563,tabelog.com
564,google.lk
565,flirt4free.com
566,quizlet.com
567,providr.com
568,utorrent.com
569,pairade.com
570,okezone.com
571,google.rs
572,ouedkniss.com
573,mega.nz
574,gyazo.com
575,lazada.co.id
576,givemesport.com
577,sakura.ne.jp
578,mediaoffermania.com
579,gazetaexpress.com
580,milliyet.com.tr
581,secureserver.net
582,emol.com
583,drom.ru
584,shaparak.ir
585,doorblog.jp
586,urbandictionary.com
587,bild.de
588,ria.ru
589,pantip.com
590,1688.com
591,elmundo.es
592,uidai.gov.in
593,chip.de
594,playstation.com
595,manoramaonline.com
596,oeeee.com
597,livescore.com
598,jpmorganchase.com
599,uploaded.net
600,ultimate-guitar.com
601,surveymonkey.com
602,clickadu.com
603,bitly.com
604,xe.com
605,lapatilla.com
606,mi.com
607,porn.com
608,mediaprovide.com
609,sabq.org
610,japanpost.jp
611,lenta.ru
612,wattpad.com
613,torrentkim5.net
614,hootsuite.com
615,cdiscount.com
616,npr.org
617,att.com
618,techcrunch.com
619,google.com.do
620,mobile.de
621,witchcraftcash.com
622,myanimelist.net
623,corriere.it
624,urdupoint.com
625,xda-developers.com
626,mercadolibre.com.ve
627,kickstarter.com
628,olx.pl
629,streamcloud.eu
630,adidas.tmall.com
631,blkget.com
632,wiley.com
633,disqus.com
634,ebay.in
635,viid.me
636,dostor.org
637,nikkei.com
638,nanoadexchange.com
639,nike.com
640,gamer.com.tw
641,meetup.com
642,mashable.com
643,naukri.com
644,google.by
645,wiktionary.org
646,cambridge.org
647,nikkeibp.co.jp
648,drive2.ru
649,getpocket.com
650,clotraiam.website
651,17ok.com
652,inquirer.net
653,watsons.tmall.com
654,expedia.com
655,goo.gl
656,asus.com
657,livedoor.com
658,www.gov.uk
659,irs.gov
660,bola.net
661,commentcamarche.net
662,rottentomatoes.com
663,nba.com
664,dcinside.com
665,bhaskar.com
666,google.com.ly
667,elmogaz.com
668,instructables.com
669,uzone.id
670,eyny.com
671,subito.it
672,4pda.ru
673,gizmodo.com
674,lefigaro.fr
675,prothom-alo.com
676,adp.com
677,genius.com
678,impress.co.jp
679,drudgereport.com
680,nfl.com
681,buzzfil.net
682,about.com
683,glassdoor.com
684,olx.ua
685,time.com
686,tfetimes.com
687,jimdo.com
688,adplxmd.com
689,google.hr
690,linkshrink.net
691,khanacademy.org
692,amisites.com
693,extra.to
694,hdzog.com
695,buzzhand.com
696,lifebuzz.com
697,javedch.com
698,coursera.org
699,comcast.net
700,hdrezka.me
701,blog.me
702,gotporn.com
703,howtogeek.com
704,aastocks.com
705,office365.com
706,mmmoffice.com
707,dmm.com
708,clothing-dropship.com
709,setn.com
710,04dn8g4f.space
711,ccm.net
712,drtuber.com
713,srvr.work
714,convert2mp3.net
715,fvpimageviewer.com
716,thevideo.me
717,douban.com
718,grammarly.com
719,investing.com
720,adbooth.com
721,yandex.ua
722,banggood.com
723,trackingclick.net
724,epwk.com
725,aliyun.com
726,google.tn
727,kijiji.ca
728,fanfiction.net
729,macys.com
730,engadget.com
731,wunderground.com
732,rapidgator.net
733,php.net
734,bitbucket.org
735,mirror.co.uk
736,viva.co.id
737,europa.eu
738,norton.com
739,seesaa.net
740,ebay.fr
741,springer.com
742,youjizz.com
743,zing.vn
744,alxsite.com
745,hotels.com
746,as.com
747,104.com.tw
748,nudevista.com
749,yenisafak.com
750,bookmyshow.com
751,1337x.to
752,cpmofferconvert.com
753,ca.gov
754,op.gg
755,shopclues.com
756,academia.edu
757,lenovo.com
758,elfagr.org
759,wish.com
760,verizonwireless.com
761,tebyan.net
762,squarespace.com
763,souq.com
764,elevenia.co.id
765,beytoote.com
766,dafont.com
767,superuser.com
768,queryrouter.com
769,duolingo.com
770,52pk.com
771,buyma.com
772,zhanqi.tv
773,discuss.com.hk
774,cnbc.com
775,lifehacker.com
776,redd.it
777,clixsense.com
778,discogs.com
779,merriam-webster.com
780,humblebundle.com
781,sosodesktop.com
782,adme.ru
783,fanpage.gr
784,chouftv.ma
785,nbcnews.com
786,cisco.com
787,jw.org
788,youdao.com
789,sex.com
790,51sole.com
791,boredpanda.com
792,newegg.com
793,fidelity.com
794,almasryalyoum.com
795,vnexpress.net
796,allocine.fr
797,rbc.ru
798,andhrajyothy.com
799,politico.com
800,hm.com
801,timeanddate.com
802,absoluteclickscom.com
803,investopedia.com
804,torrentproject.se
805,indianexpress.com
806,latimes.com
807,animeflv.net
808,bintang.com
809,popmyads.com
810,theverge.com
811,ctitv.com.tw
812,olx.in
813,eventbrite.com
814,jrj.com.cn
815,itmedia.co.jp
816,okcupid.com
817,divar.ir
818,myfreecams.com
819,yaplakal.com
820,brilio.net
821,disq.us
822,allrecipes.com
823,gmarket.co.kr
824,iqiyi.com
825,webex.com
826,biblegateway.com
827,support.wordpress.com
828,searchalgo.com
829,curapelanatureza.com.br
830,google.com.ec
831,nhk.or.jp
832,realtor.com
833,nordstrom.com
834,uber.com
835,pof.com
836,gmanetwork.com
837,prnt.sc
838,airtel.in
839,inven.co.kr
840,brightside.me
841,adscpm.net
842,intel.com
843,dream.co.id
844,okta.com
845,twoo.com
846,torrent9.biz
847,bodybuilding.com
848,voyeurhit.com
849,google.com.et
850,onclickads.net
851,mangvieclam.com
852,slickdeals.net
853,bandcamp.com
854,dict.cc
855,turbobit.net
856,sputniknews.com
857,android.com
858,u1outl.com
859,liveadexchanger.com
860,informer.com
861,mangafox.me
862,issuu.com
863,cbsnews.com
864,blogspot.com.eg
865,lk21.tv
866,askubuntu.com
867,google.iq
868,appledaily.com.tw
869,gigazine.net
870,fbsbx.com
871,livedoor.biz
872,qoolquiz.com
873,cdstm.cn
874,mysearch.com
875,clipconverter.cc
876,voc.com.cn
877,xl415.com
878,vetogate.com
879,autodesk.com
880,cam4.com
881,dianqi.tmall.com
882,xing.com
883,eksisozluk.com
884,thepennyhoarder.com
885,interia.pl
886,cookpad.com
887,theodysseyonline.com
888,suara.com
889,sporx.com
890,fishki.net
891,tvbs.com.tw
892,nyaa.se
893,ptt.cc
894,pbs.org
895,bhphotovideo.com
896,tempo.co
897,chinaso.com
898,chron.com
899,intoday.in
900,trulia.com
901,ted.com
902,3sk.tv
903,google.lt
904,vjav.com
905,unity3d.com
906,tnaflix.com
907,kayak.com
908,makeuseof.com
909,zytpirwai.net
910,banvenez.com
911,stanford.edu
912,narod.ru
913,jeuxvideo.com
914,photobucket.com
915,filmfanatic.com
916,google.com.mm
917,answers.com
918,windows.com
919,repelis.tv
920,gutefrage.net
921,caixa.gov.br
922,mynavi.jp
923,hepsiburada.com
924,sunfrog.com
925,bankmellat.ir
926,moneycontrol.com
927,ruliweb.com
928,kinokrad.co
929,idnes.cz
930,blogimg.jp
931,ancestry.com
932,thewaycloud.com
933,wargaming.net
934,custhelp.com
935,we-are-gamers.com
936,abcnews.go.com
937,vip.tmall.com
938,asahi.com
939,codecanyon.net
940,gogoanime.io
941,cbc.ca
942,optmz.online
943,fatosdesconhecidos.com.br
944,pchome.com.tw
945,pole-emploi.fr
946,g2a.com
947,gamespot.com
948,lun.com
949,wowhead.com
950,uptobox.com
951,pixiv.net
952,ero-advertising.com
953,southwest.com
954,harvard.edu
955,xtube.com
956,deviantart.net
957,blog.wordpress.com
958,hostgator.com
959,internetdownloadmanager.com
960,world.tmall.com
961,lazada.com.ph
962,udn.com
963,chinaz.com
964,altervista.org
965,123rf.com
966,caliente.mx
967,alc.co.jp
968,slate.com
969,crhoy.com
970,kizlarsoruyor.com
971,labanquepostale.fr
972,binaryoptionscops.info
973,onwatchseries.to
974,telegram.me
975,uidai.net.in
976,codepen.io
977,stockstar.com
978,blogspot.co.uk
979,zougla.gr
980,dailypakistan.com.pk
981,patreon.com
982,lequipe.fr
983,mobile01.com
984,agoda.com
985,alodokter.com
986,softorama.com
987,microsoftstore.com
988,socialblade.com
989,sapo.pt
990,google.si
991,n11.com
992,americanas.com.br
993,eskimi.com
994,google.com.gt
995,brazzers.com
996,farsnews.com
997,oneindia.com
998,wonderlandads.com
999,thehill.com
1000,basecamp.com
1001,state.gov
1002,mediab.uy
1003,makemytrip.com
1004,istockphoto.com
1005,kp.ru
1006,himado.in
1007,freejobalert.com
1008,gazeta.pl
1009,nypost.com
1010,google.com.my
1011,worldoftanks.ru
1012,11st.co.kr
1013,hotnewhiphop.com
1014,ibtimes.co.uk
1015,informationvine.com
1016,prpops.com
1017,welt.de
1018,yjc.ir
1019,crunchyroll.com
1020,internethaber.com
1021,iwank.tv
1022,blogspot.de
1023,discover.com
1024,sugklonistiko.gr
1025,nydailynews.com
1026,dmv.org
1027,getmyads24.com
1028,poste.it
1029,piriform.com
1030,marketwatch.com
1031,imagebam.com
1032,pcmag.com
1033,hh.ru
1034,kissasian.com
1035,nasa.gov
1036,wowkeren.com
1037,google.com.af
1038,myfitnesspal.com
1039,kinozal.tv
1040,81.cn
1041,focus.de
1042,torrentwiz1.com
1043,reallifecam.com
1044,ecollege.com
1045,zara.com
1046,ebay.es
1047,bleacherreport.com
1048,lowes.com
1049,cqnews.net
1050,argaam.com
1051,vanguardngr.com
1052,btolat.com
1053,td.com
1054,livestrong.com
1055,freecharge.in
1056,milanuncios.com
1057,mileroticos.com
1058,1tv.ru
1059,suning.com
1060,lazada.co.th
1061,sarkariresult.com
1062,ampxchange.com
1063,ed.gov
1064,junbi-tracker.com
1065,justporno.tv
1066,advertiserurl.com
1067,gongchang.com
1068,yeniakit.com.tr
1069,mymovies.it
1070,donga.com
1071,constantcontact.com
1072,tmz.com
1073,paytm.in
1074,bitmedianetwork.com
1075,nature.com
1076,dawn.com
1077,24video.sex
1078,t411.li
1079,blogspot.gr
1080,ieee.org
1081,bs.to
1082,tagged.com
1083,yinyuetai.com
1084,href.li
1085,yandex.com.tr
1086,gazzetta.it
1087,whitehouse.gov
1088,thehindu.com
1089,lazada.com.my
1090,ucoz.ru
1091,justdial.com
1092,myntra.com
1093,tomshardware.com
1094,life.tw
1095,aweber.com
1096,ticketmaster.com
1097,ecosia.org
1098,leadzupc.com
1099,delta.com
1100,ameba.jp
1101,theatlantic.com
1102,tim.it
1103,axisbank.co.in
1104,ea.com
1105,liveinternet.ru
1106,elwatannews.com
1107,edx.org
1108,verizon.com
1109,abril.com.br
1110,gumtree.com.au
1111,cloudflare.com
1112,googleapis.com
1113,gamewith.jp
1114,instamp3.co
1115,xbox.com
1116,mynet.com
1117,fromdoctopdf.com
1118,meb.gov.tr
1119,auction.co.kr
1120,movieweb.com
1121,keepvid.com
1122,thesun.co.uk
1123,rightmove.co.uk
1124,nairaland.com
1125,efukt.com
1126,flashx.tv
1127,study.com
1128,so-net.ne.jp
1129,apache.org
1130,vesti.ru
1131,liveleak.com
1132,yodobashi.com
1133,miopdigital.com
1134,novinky.cz
1135,psu.edu
1136,zomato.com
1137,costco.com
1138,news.com.au
1139,doodle.com
1140,weather.gov
1141,aljazeera.net
1142,history.com
1143,usbank.com
1144,debate.com.mx
1145,netteller.com
1146,baskino.club
1147,spanishdict.com
1148,kohls.com
1149,cbssports.com
1150,youboy.com
1151,google.tm
1152,bab.la
1153,telewebion.com
1154,sfr.fr
1155,filmweb.pl
1156,tuko.co.ke
1157,how01.com
1158,likemag.com
1159,gittigidiyor.com
1160,wiocha.pl
1161,pixlr.com
1162,joins.com
1163,immobilienscout24.de
1164,wp.com
1165,televisionfanatic.com
1166,usaa.com
1167,kinox.to
1168,digitaltrends.com
1169,1fichier.com
1170,nationalgeographic.com
1171,python.org
1172,creditkarma.com
1173,mcafee.com
1174,toutiao.com
1175,retailmenot.com
1176,userscloud.com
1177,kizi.com
1178,scribol.com
1179,ryanair.com
1180,badoo.com
1181,160117rd.xyz
1182,ly.com
1183,mejortorrent.com
1184,apartmenttherapy.com
1185,zedo.com
1186,dribbble.com
1187,familydoctor.com.cn
1188,people.com
1189,teamviewer.com
1190,syosetu.com
1191,deezer.com
1192,qingdaonews.com
1193,stumbleupon.com
1194,royalbank.com
1195,gazeta.ru
1196,lifewire.com
1197,lynda.com
1198,reclameaqui.com.br
1199,infobae.com
1200,india.com
1201,avast.com
1202,mec.gov.br
1203,visualstudio.com
1204,nocookie.net
1205,epochtimes.com
1206,adk2x.com
1207,mundo.com
1208,abc.net.au
1209,food.tmall.com
1210,ilbe.com
1211,hamariweb.com
1212,zoom.us
1213,republika.co.id
1214,postbank.de
1215,gotomeeting.com
1216,avito.ma
1217,worldstarhiphop.com
1218,aksam.com.tr
1219,bigtests.me
1220,bluehost.com
1221,chosun.com
1222,tubepornclassic.com
1223,southcn.com
1224,smartadtags.com
1225,thisav.com
1226,echo.msk.ru
1227,monster.com
1228,pastebin.com
1229,3c.tmall.com
1230,redfin.com
1231,content.tmall.com
1232,znanija.com
1233,backlog.jp
1234,nnmclub.to
1235,google.com.bd
1236,houzz.com
1237,nuvid.com
1238,flashscore.com
1239,audible.com
1240,dw.com
1241,6park.com
1242,ilfattoquotidiano.it
1243,express.co.uk
1244,freelotto.com
1245,cda.pl
1246,startpage.com
1247,nhl.com
1248,jia.tmall.com
1249,chess.com
1250,sportzwiki.com
1251,freelancer.com
1252,sindonews.com
1253,wired.com
1254,getbootstrap.com
1255,pirateproxy.vip
1256,mathworks.com
1257,anitube.se
1258,jizzbunker.com
1259,blog.ir
1260,thedailybeast.com
1261,camdolls.com
1262,chegg.com
1263,elbotola.com
1264,techradar.com
1265,ebay.ca
1266,mercari.com
1267,stream-it.online
1268,clarin.com
1269,mheducation.com
1270,miniclip.com
1271,e-hentai.org
1272,usnews.com
1273,mirtesen.ru
1274,express.pk
1275,sankei.com
1276,smi2.ru
1277,muabannhanh.com
1278,life.ru
1279,dropbooks.tv
1280,leo.org
1281,arabi21.com
1282,vox.com
1283,biglobe.ne.jp
1284,4399.com
1285,shareasale.com
1286,bamilo.com
1287,brassring.com
1288,lostfilm.tv
1289,elvenar.com
1290,wuxiaworld.com
1291,mgid.com
1292,plarium.com
1293,indianrail.gov.in
1294,ozon.ru
1295,geeker.com
1296,solidfiles.com
1297,excite.co.jp
1298,gstatic.com
1299,google.com.pr
1300,gumtree.com
1301,oomall.com
1302,ouo.press
1303,commbank.com.au
1304,berkeley.edu
1305,programme-tv.net
1306,united.com
1307,digitalocean.com
1308,adturtle.biz
1309,watchfree.to
1310,ficbook.net
1311,fotostrana.ru
1312,bigcinema.to
1313,bomb01.com
1314,hateblo.jp
1315,tabnak.ir
1316,alicdn.com
1317,sfgate.com
1318,cb01.pw
1319,swagbucks.com
1320,sitepoint.com
1321,ubi.com
1322,piliapp.com
1323,entrepreneur.com
1324,huawei.com
1325,skysports.com
1326,mail.com
1327,hibapress.com
1328,editor.wix.com
1329,xunlei.com
1330,gotowebinar.com
1331,lightinthebox.com
1332,kisscartoon.se
1333,motherless.com
1334,bravotube.net
1335,mediaset.it
1336,imagetwist.com
1337,match.com
1338,forgeofempires.com
1339,mpixeli.com
1340,aa.com
1341,17k.com
1342,gap.com
1343,nhadatso.com
1344,credit-agricole.fr
1345,artstation.com
1346,wikispaces.com
1347,premierleague.com
1348,tripadvisor.co.uk
1349,nextmedia.com
1350,elsevier.com
1351,littlethings.com
1352,dreamstime.com
1353,online-convert.com
1354,abc.es
1355,caf.fr
1356,idntimes.com
1357,eenadu.net
1358,mawdoo3.com
1359,gameforge.com
1360,dagospia.com
1361,google.lv
1362,opensubtitles.org
1363,zappos.com
1364,blogspot.com.tr
1365,eporner.com
1366,banesconline.com
1367,voirfilms.co
1368,misr5.com
1369,metropoles.com
1370,wayfair.com
1371,staples.com
1372,usenet.nl
1373,korabia.com
1374,purdue.edu
1375,easypdfcombine.com
1376,habrahabr.ru
1377,jiameng.com
1378,dcard.tw
1379,talk.tw
1380,telekom.com
1381,rutor.info
1382,offersongold.com
1383,t-mobile.com
1384,kotaku.com
1385,ebates.com
1386,eroterest.net
1387,herokuapp.com
1388,daraz.pk
1389,nextlnk2.com
1390,ukr.net
1391,bet365.es
1392,greatandhra.com
1393,ubisoft.com
1394,24h.com.vn
1395,yandex.kz
1396,foodnetwork.com
1397,otto.de
1398,ipetgroup.com
1399,irecommend.ru
1400,overstock.com
1401,sozcu.com.tr
1402,brightonclick.com
1403,rutube.ru
1404,v1.cn
1405,index.hu
1406,google.com.cu
1407,service.gov.uk
1408,nexon.com
1409,jin115.com
1410,heise.de
1411,streamable.com
1412,mihanblog.com
1413,linternaute.com
1414,blogspot.tw
1415,todayhumor.co.kr
1416,geocities.jp
1417,skyscanner.net
1418,ilmeteo.it
1419,smallpdf.com
1420,gosuslugi.ru
1421,el-nacional.com
1422,thegameraccess.com
1423,pexels.com
1424,masralarabia.com
1425,01net.com
1426,akairan.com
1427,blogspot.ru
1428,wykop.pl
1429,padsdel.com
1430,vonvon.me
1431,coursehero.com
1432,clickfunnels.com
1433,kinoprofi.org
1434,pch.com
1435,zone-telechargement.ws
1436,ivi.ru
1437,teletica.com
1438,mediawhirl.net
1439,nexusmods.com
1440,tilestwra.com
1441,unam.mx
1442,lanacion.com.ar
1443,clevernt.com
1444,sina.com.tw
1445,lds.org
1446,baixaki.com.br
1447,yao.tmall.com
1448,hitomi.la
1449,olx.co.id
1450,kuronekoyamato.co.jp
1451,tomsguide.com
1452,musica.com
1453,nate.com
1454,lloydsbank.co.uk
1455,vidzi.tv
1456,oschina.net
1457,babycenter.com
1458,kapook.com
1459,alohatube.com
1460,20minutes.fr
1461,yourdictionary.com
1462,dhgate.com
1463,fiuxy.net
1464,flaticon.com
1465,mufg.jp
1466,namasha.com
1467,clien.net
1468,hltv.org
1469,tamilrockers.ac
1470,orf.at
1471,jobrapido.com
1472,xoclkrvstrafms.com
1473,zerohedge.com
1474,sky.com
1475,atmarkit.co.jp
1476,streamin.to
1477,nouvelobs.com
1478,gofundme.com
1479,picmonkey.com
1480,businessweekly.com.tw
1481,denverpost.com
1482,tradedoubler.com
1483,kompasiana.com
1484,vidio.com
1485,coolmath-games.com
1486,priceline.com
1487,academic.ru
1488,meteofrance.com
1489,togetter.com
1490,barnesandnoble.com
1491,farfetch.com
1492,voot.com
1493,ubuntu.com
1494,socialnewpages.com
1495,icims.com
1496,pelisplus.tv
1497,pearsoncmg.com
1498,jquery.com
1499,nmisr.com
1500,over-blog.com
1501,pornhublive.com
1502,ppy.sh
1503,telegraf.com.ua
1504,file-upload.cc
1505,qiwi.com
1506,mobafire.com
1507,jb51.net
1508,infourok.ru
1509,archiveofourown.org
1510,realtimepolitics.com
1511,cpasbien.cm
1512,multitran.ru
1513,employeesdirectorships.com
1514,dhl.de
1515,fandango.com
1516,sunmaker.com
1517,wnd.com
1518,envato.com
1519,protect-your-privacy.net
1520,fnac.com
1521,zeit.de
1522,hsbc.co.uk
1523,gnula.nu
1524,atlassian.com
1525,airasia.com
1526,vidto.me
1527,frtyg.com
1528,healthylives.tw
1529,thebalance.com
1530,bahn.de
1531,bizpacreview.com
1532,wondershare.com
1533,fastpic.ru
1534,17track.net
1535,linguee.fr
1536,qualtrics.com
1537,mayoclinic.org
1538,nitroflare.com
1539,mbc.net
1540,jsfiddle.net
1541,christian-dogma.com
1542,ibtimes.com
1543,zezoomglobal.com
1544,battlefield.com
1545,quikr.com
1546,emuparadise.me
1547,marriott.com
1548,1und1.de
1549,tr-sanat.info
1550,rozetka.com.ua
1551,playground.ru
1552,pnc.com
1553,seriesflv.net
1554,eonline.com
1555,gamestop.com
1556,cyro.se
1557,6pm.com
1558,payoneer.com
1559,politicususa.com
1560,miui.com
1561,walgreens.com
1562,panet.co.il
1563,koreastardaily.com
1564,indiamart.com
1565,cmoney.tw
1566,onesignal.com
1567,ghanaweb.com
1568,trustpilot.com
1569,mangastream.com
1570,google.ba
1571,thegay.com
1572,jianshu.com
1573,nifty.com
1574,backpage.com
1575,minecraft.net
1576,p30download.com
1577,softpedia.com
1578,wildberries.ru
1579,nsdl.com
1580,skroutz.gr
1581,kdnet.net
1582,correios.com.br
1583,ppomppu.co.kr
1584,myegy.tv
1585,adexchangetracker.com
1586,xuite.net
1587,bt.com
1588,bc.vc
1589,cbslocal.com
1590,lavanguardia.com
1591,olx.ro
1592,noaa.gov
1593,qatarairways.com
1594,clubic.com
1595,caixabank.es
1596,towpath.xyz
1597,esuteru.com
1598,venturead.com
1599,techtarget.com
1600,socialtrade.biz
1601,oceanofgames.com
1602,google.com.gh
1603,slimspots.com
1604,whitepages.com
1605,elconfidencial.com
1606,newstrend.news
1607,20minutos.es
1608,maybank2u.com.my
1609,infowars.com
1610,techtudo.com.br
1611,patheos.com
1612,fontawesome.io
1613,deref-gmx.net
1614,exblog.jp
1615,anybunny.com
1616,ew.com
1617,mts.ru
1618,uludagsozluk.com
1619,blogspot.kr
1620,javgo.me
1621,afreecatv.com
1622,abplive.in
1623,abola.pt
1624,collegeboard.org
1625,minuto30.com
1626,lockerdome.com
1627,movie2free.com
1628,heavy-r.com
1629,gnavi.co.jp
1630,starzplay.com
1631,wenxuecity.com
1632,rg.ru
1633,gumtree.co.za
1634,tunein.com
1635,eztv.ag
1636,laprensagrafica.com
1637,erq.io
1638,persianblog.ir
1639,similarweb.com
1640,newyorker.com
1641,championat.com
1642,withgoogle.com
1643,spankwire.com
1644,francetvinfo.fr
1645,vg.no
1646,asriran.com
1647,1and1.com
1648,sanook.com
1649,yomiuri.co.jp
1650,iqoption.com
1651,haberler.com
1652,cocolog-nifty.com
1653,sopitas.com
1654,kat.how
1655,mos.ru
1656,liftable.com
1657,clips4sale.com
1658,developer.wordpress.com
1659,aflamonline.tv
1660,pornhd.com
1661,tandfonline.com
1662,myhome.tmall.com
1663,pochta.ru
1664,hilton.com
1665,brainyquote.com
1666,pelis24.tv
1667,bola.com
1668,unicredit.it
1669,theweathernetwork.com
1670,get-my-ads.com
1671,fb.ru
1672,depositphotos.com
1673,zozo.jp
1674,kshowonline.com
1675,indiegogo.com
1676,iherb.com
1677,chicagotribune.com
1678,arcot.com
1679,filmaffinity.com
1680,jumia.com.ng
1681,primewire.ag
1682,alarabiya.net
1683,nextdoor.com
1684,eset.com
1685,mlb.com
1686,thomann.de
1687,standardmedia.co.ke
1688,otzovik.com
1689,reverb.com
1690,angel.co
1691,icy-veins.com
1692,safefinder.com
1693,cbs.com
1694,cdninstagram.com
1695,pagesjaunes.fr
1696,moz.com
1697,codecademy.com
1698,namecheap.com
1699,haberturk.com
1700,zjk24.com
1701,makeleio.gr
1702,ekantipur.com
1703,nation.co.ke
1704,finn.no
1705,colourpop.com
1706,vid.me
1707,elcomercio.com
1708,360doc.com
1709,change.org
1710,opensooq.com
1711,rappler.com
1712,ansa.it
1713,fast-torrent.ru
1714,solarmovie.sc
1715,drugs.com
1716,semrush.com
1717,topix.com
1718,xiaomi.com
1719,smugmug.com
1720,webcrawler.com
1721,xehoiviet.com
1722,iheart.com
1723,zulily.com
1724,yellowpages.com
1725,ebscohost.com
1726,ashemaletube.com
1727,kongregate.com
1728,500px.com
1729,blibli.com
1730,vn-gid.com
1731,bfmtv.com
1732,kitco.com
1733,popsugar.com
1734,idealo.de
1735,ynet.co.il
1736,sunporno.com
1737,ausopen.com
1738,faz.net
1739,2chblog.jp
1740,subject.tmall.com
1741,axisbank.com
1742,tnctrx.com
1743,urbanoutfitters.com
1744,movie4k.to
1745,jcpenney.com
1746,ozipcompression.com
1747,sports.ru
1748,rockstargames.com
1749,hulu.jp
1750,billboard.com
1751,howstuffworks.com
1752,dlsite.com
1753,foxsports.com
1754,truecaller.com
1755,knowyourmeme.com
1756,downloadastro.com
1757,serverfault.com
1758,eluniverso.com
1759,filmix.me
1760,rus.ec
1761,nbc.com
1762,imgrum.net
1763,acfun.cn
1764,iobit.com
1765,deref-web-02.de
1766,sonyentertainmentnetwork.com
1767,fitbit.com
1768,schwab.com
1769,bsnl.in
1770,lagaceta.com.ar
1771,google.com.sv
1772,techbang.com
1773,google.jo
1774,healthline.com
1775,planetromeo.com
1776,cracked.com
1777,autotrader.com
1778,internetspeedtracker.com
1779,lg.com
1780,sun-gazing.com
1781,kd2244.com
1782,watchseries.cr
1783,cinecalidad.com
1784,dikaiologitika.gr
1785,plays.tv
1786,bustle.com
1787,jkanime.net
1788,indeed.co.in
1789,realestate.com.au
1790,ren.tv
1791,tasnimnews.com
1792,xmovies8.tv
1793,picofile.com
1794,elzmannews.com
1795,npmjs.com
1796,sears.com
1797,danawa.com
1798,123kubo.com
1799,sephora.com
1800,invisionapp.com
1801,deutsche-bank.de
1802,virgilio.it
1803,anyporn.com
1804,hatenablog.jp
1805,pornolab.net
1806,strava.com
1807,hindustantimes.com
1808,tut.by
1809,nvidia.com
1810,legacy.com
1811,cima4u.tv
1812,biblehub.com
1813,time2play-online.net
1814,rakuten-card.co.jp
1815,vagalume.com.br
1816,mydala.com
1817,lacaixa.es
1818,ampclicks.com
1819,telegrafi.com
1820,meaww.com
1821,blackdoctor.org
1822,bolshoyvopros.ru
1823,queezie.com
1824,yesimright.com
1825,prensalibre.com
1826,bet9ja.com
1827,ixxx.com
1828,google.com.lb
1829,pbskids.org
1830,video-one.com
1831,tinyz.us
1832,chekb.com
1833,freebitco.in
1834,nulltheme.net
1835,alexa.com
1836,bol.uol.com.br
1837,apkpure.com
1838,inc.com
1839,caffeinamagazine.it
1840,umich.edu
1841,ssl-images-amazon.com
1842,perfectgirls.net
1843,dhl.com
1844,yifysubtitles.com
1845,short.am
1846,codeproject.com
1847,storm.mg
1848,pcloud.com
1849,ulmart.ru
1850,sabay.com.kh
1851,dailysnark.com
1852,vmware.com
1853,seekingalpha.com
1854,victoriassecret.com
1855,idealista.com
1856,forever21.com
1857,viki.com
1858,intentmedia.net
1859,guancha.cn
1860,freesoftwaredlul.com
1861,adultfriendfinder.com
1862,wunderlist.com
1863,otomoto.pl
1864,encuentra24.com
1865,css-tricks.com
1866,allkpop.com
1867,polyvore.com
1868,computerbild.de
1869,marktplaats.nl
1870,jetbrains.com
1871,pcgamer.com
1872,ft.com
1873,sat.gob.mx
1874,abc.go.com
1875,engageya.com
1876,mangareader.net
1877,nicesearches.com
1878,smh.com.au
1879,metric-conversions.org
1880,bmi.ir
1881,offer.camp
1882,myradioaccess.com
1883,popmaster.ir
1884,sedty.com
1885,larousse.fr
1886,thepornsurvey.com
1887,last.fm
1888,snopes.com
1889,isna.ir
1890,sp.gov.br
1891,donanimhaber.com
1892,wetter.com
1893,lotterypost.com
1894,gamingwonderland.com
1895,leparisien.fr
1896,wikiwand.com
1897,coupons.com
1898,xrutor.org
1899,spzan.com
1900,gumtree.pl
1901,mbtrx.com
1902,digialm.com
1903,fullhdfilmizlesene.org
1904,beinsports.com
1905,jstor.org
1906,mediaoffers.click
1907,hstpnetwork.com
1908,facebookdating.link
1909,cornell.edu
1910,udacity.com
1911,hotpepper.jp
1912,pcworld.com
1913,ipornoonlain.tv
1914,opera.com
1915,scol.com.cn
1916,argos.co.uk
1917,ny.gov
1918,sendspace.com
1919,internetportalne.ws
1920,astrologyanswers.com
1921,nymag.com
1922,toyokeizai.net
1923,rackcdn.com
1924,ap.gov.in
1925,kenh14.vn
1926,jagran.com
1927,uniqlo.com
1928,fnb.co.za
1929,bancodevenezuela.com
1930,vistaprint.com
1931,predictivadnetwork.com
1932,emirates.com
1933,tvguide.com
1934,wwe.com
1935,padlet.com
1936,jqw.com
1937,rollingstone.com
1938,aftonbladet.se
1939,w3.org
1940,mvideo.ru
1941,slither.io
1942,passportindia.gov.in
1943,brazzersnetwork.com
1944,citibank.co.in
1945,xero.com
1946,paigeeworld.com
1947,sprint.com
1948,ovh.com
1949,books.com.tw
1950,tutsplus.com
1951,att.net
1952,office.net
1953,mbank.pl
1954,shutterfly.com
1955,emp3z.co
1956,mercadolibre.com.co
1957,ldblog.jp
1958,cic.gc.ca
1959,tfile.co
1960,mysql.com
1961,tsite.jp
1962,consultant.ru
1963,crunchbase.com
1964,rakuten-bank.co.jp
1965,onliner.by
1966,nuesearch.com
1967,nintendo.com
1968,ero-video.net
1969,admaimai.com
1970,garmin.com
1971,ana.co.jp
1972,sarizeybekhaber.com.tr
1973,avira.net
1974,foursquare.com
1975,payu.in
1976,sbnation.com
1977,ascii.jp
1978,hollywoodreporter.com
1979,clicksor.net
1980,pubted.com
1981,ycombinator.com
1982,gamme.com.tw
1983,users.wix.com
1984,ozee.com
1985,schoology.com
1986,champion.gg
1987,khabaronline.ir
1988,imagefap.com
1989,0483bm4mlow8.xyz
1990,ijquery11.com
1991,octopuspop.com
1992,made-in-china.com
1993,dnevnik.ru
1994,criteo.com
1995,howtosimplified.com
1996,linguee.de
1997,femmevetement.fr
1998,58.com
1999,khmer-note.com
2000,unsplash.com